--
-- PostgreSQL database dump
--

-- Dumped from database version 11.2
-- Dumped by pg_dump version 11.2

SET statement_timeout = 0;
SET lock_timeout = 0;
SET idle_in_transaction_session_timeout = 0;
SET client_encoding = 'UTF8';
SET standard_conforming_strings = on;
SELECT pg_catalog.set_config('search_path', '', false);
SET check_function_bodies = false;
SET client_min_messages = warning;
SET row_security = off;

SET default_tablespace = '';

SET default_with_oids = false;

--
-- Name: analyses; Type: TABLE; Schema: public; Owner: devel_omicsdm_3tr_rw
--

CREATE TABLE public.analyses (
    id integer NOT NULL,
    analysis_id character varying(120) NOT NULL,
    name character varying(120) NOT NULL,
    tags character varying(120) NOT NULL,
    description character varying(120) NOT NULL,
    dataset_ids integer[] NOT NULL,
    file_ids integer[] NOT NULL,
    private boolean DEFAULT true NOT NULL,
    submitter_name character varying(120) NOT NULL,
    submission_date timestamp without time zone NOT NULL,
    shared_with integer[] NOT NULL,
    status character varying(120) NOT NULL,
    jenkins_jobs jsonb,
    extra_cols jsonb NOT NULL
);


ALTER TABLE public.analyses OWNER TO devel_omicsdm_3tr_rw;

--
-- Name: analyses_id_seq; Type: SEQUENCE; Schema: public; Owner: devel_omicsdm_3tr_rw
--

CREATE SEQUENCE public.analyses_id_seq
    AS integer
    START WITH 1
    INCREMENT BY 1
    NO MINVALUE
    NO MAXVALUE
    CACHE 1;


ALTER TABLE public.analyses_id_seq OWNER TO devel_omicsdm_3tr_rw;

--
-- Name: analyses_id_seq; Type: SEQUENCE OWNED BY; Schema: public; Owner: devel_omicsdm_3tr_rw
--

ALTER SEQUENCE public.analyses_id_seq OWNED BY public.analyses.id;


--
-- Name: analysis_group; Type: TABLE; Schema: public; Owner: devel_omicsdm_3tr_rw
--

CREATE TABLE public.analysis_group (
    analysis_id integer NOT NULL,
    group_id integer NOT NULL,
    owner boolean
);


ALTER TABLE public.analysis_group OWNER TO devel_omicsdm_3tr_rw;

--
-- Name: dataset_group; Type: TABLE; Schema: public; Owner: devel_omicsdm_3tr_rw
--

CREATE TABLE public.dataset_group (
    dataset_id integer NOT NULL,
    group_id integer NOT NULL,
    owner boolean
);


ALTER TABLE public.dataset_group OWNER TO devel_omicsdm_3tr_rw;

--
-- Name: datasets; Type: TABLE; Schema: public; Owner: devel_omicsdm_3tr_rw
--

CREATE TABLE public.datasets (
    id integer NOT NULL,
    dataset_id character varying(120) NOT NULL,
    name character varying(120),
    private boolean DEFAULT true NOT NULL,
    submitter_name character varying(120) NOT NULL,
    submission_date timestamp without time zone NOT NULL,
    shared_with integer[] NOT NULL,
    project_id integer DEFAULT 0 NOT NULL,
    extra_cols jsonb
);


ALTER TABLE public.datasets OWNER TO devel_omicsdm_3tr_rw;

--
-- Name: datasets_id_seq; Type: SEQUENCE; Schema: public; Owner: devel_omicsdm_3tr_rw
--

CREATE SEQUENCE public.datasets_id_seq
    AS integer
    START WITH 1
    INCREMENT BY 1
    NO MINVALUE
    NO MAXVALUE
    CACHE 1;


ALTER TABLE public.datasets_id_seq OWNER TO devel_omicsdm_3tr_rw;

--
-- Name: datasets_id_seq; Type: SEQUENCE OWNED BY; Schema: public; Owner: devel_omicsdm_3tr_rw
--

ALTER SEQUENCE public.datasets_id_seq OWNED BY public.datasets.id;


--
-- Name: files; Type: TABLE; Schema: public; Owner: devel_omicsdm_3tr_rw
--

CREATE TABLE public.files (
    id integer NOT NULL,
    dataset_id integer NOT NULL,
    name character varying(120) NOT NULL,
    submitter_name character varying(120) NOT NULL,
    submission_date timestamp without time zone NOT NULL,
    version integer NOT NULL,
    enabled boolean DEFAULT true NOT NULL,
    shared_with integer[] NOT NULL,
    upload_finished boolean DEFAULT false NOT NULL,
    extra_cols jsonb
);


ALTER TABLE public.files OWNER TO devel_omicsdm_3tr_rw;

--
-- Name: files_id_seq; Type: SEQUENCE; Schema: public; Owner: devel_omicsdm_3tr_rw
--

CREATE SEQUENCE public.files_id_seq
    AS integer
    START WITH 1
    INCREMENT BY 1
    NO MINVALUE
    NO MAXVALUE
    CACHE 1;


ALTER TABLE public.files_id_seq OWNER TO devel_omicsdm_3tr_rw;

--
-- Name: files_id_seq; Type: SEQUENCE OWNED BY; Schema: public; Owner: devel_omicsdm_3tr_rw
--

ALTER SEQUENCE public.files_id_seq OWNED BY public.files.id;


--
-- Name: group; Type: TABLE; Schema: public; Owner: devel_omicsdm_3tr_rw
--

CREATE TABLE public."group" (
    id integer NOT NULL,
    kc_groupname character varying NOT NULL
);


ALTER TABLE public."group" OWNER TO devel_omicsdm_3tr_rw;

--
-- Name: group_id_seq; Type: SEQUENCE; Schema: public; Owner: devel_omicsdm_3tr_rw
--

CREATE SEQUENCE public.group_id_seq
    AS integer
    START WITH 1
    INCREMENT BY 1
    NO MINVALUE
    NO MAXVALUE
    CACHE 1;


ALTER TABLE public.group_id_seq OWNER TO devel_omicsdm_3tr_rw;

--
-- Name: group_id_seq; Type: SEQUENCE OWNED BY; Schema: public; Owner: devel_omicsdm_3tr_rw
--

ALTER SEQUENCE public.group_id_seq OWNED BY public."group".id;


--
-- Name: history; Type: TABLE; Schema: public; Owner: devel_omicsdm_3tr_rw
--

CREATE TABLE public.history (
    id integer NOT NULL,
    entity_id character varying(1000) NOT NULL,
    "timestamp" timestamp without time zone NOT NULL,
    username character varying(120) NOT NULL,
    groups character varying(300) NOT NULL,
    endpoint character varying(1000) NOT NULL,
    method character varying(120) NOT NULL,
    content jsonb
);


ALTER TABLE public.history OWNER TO devel_omicsdm_3tr_rw;

--
-- Name: history_id_seq; Type: SEQUENCE; Schema: public; Owner: devel_omicsdm_3tr_rw
--

CREATE SEQUENCE public.history_id_seq
    AS integer
    START WITH 1
    INCREMENT BY 1
    NO MINVALUE
    NO MAXVALUE
    CACHE 1;


ALTER TABLE public.history_id_seq OWNER TO devel_omicsdm_3tr_rw;

--
-- Name: history_id_seq; Type: SEQUENCE OWNED BY; Schema: public; Owner: devel_omicsdm_3tr_rw
--

ALTER SEQUENCE public.history_id_seq OWNED BY public.history.id;


--
-- Name: project_dataset; Type: TABLE; Schema: public; Owner: devel_omicsdm_3tr_rw
--

CREATE TABLE public.project_dataset (
    project_id integer NOT NULL,
    dataset_id integer NOT NULL
);


ALTER TABLE public.project_dataset OWNER TO devel_omicsdm_3tr_rw;

--
-- Name: projects; Type: TABLE; Schema: public; Owner: devel_omicsdm_3tr_rw
--

CREATE TABLE public.projects (
    id integer NOT NULL,
    project_id character varying NOT NULL,
    name character varying,
    description character varying,
    created_at timestamp without time zone,
    last_updated_at timestamp without time zone,
    last_updated_by character varying,
    last_update character varying,
    owners integer[] NOT NULL,
    extra_cols jsonb
);


ALTER TABLE public.projects OWNER TO devel_omicsdm_3tr_rw;

--
-- Name: projects_id_seq; Type: SEQUENCE; Schema: public; Owner: devel_omicsdm_3tr_rw
--

CREATE SEQUENCE public.projects_id_seq
    AS integer
    START WITH 1
    INCREMENT BY 1
    NO MINVALUE
    NO MAXVALUE
    CACHE 1;


ALTER TABLE public.projects_id_seq OWNER TO devel_omicsdm_3tr_rw;

--
-- Name: projects_id_seq; Type: SEQUENCE OWNED BY; Schema: public; Owner: devel_omicsdm_3tr_rw
--

ALTER SEQUENCE public.projects_id_seq OWNED BY public.projects.id;


--
-- Name: analyses id; Type: DEFAULT; Schema: public; Owner: devel_omicsdm_3tr_rw
--

ALTER TABLE ONLY public.analyses ALTER COLUMN id SET DEFAULT nextval('public.analyses_id_seq'::regclass);


--
-- Name: datasets id; Type: DEFAULT; Schema: public; Owner: devel_omicsdm_3tr_rw
--

ALTER TABLE ONLY public.datasets ALTER COLUMN id SET DEFAULT nextval('public.datasets_id_seq'::regclass);


--
-- Name: files id; Type: DEFAULT; Schema: public; Owner: devel_omicsdm_3tr_rw
--

ALTER TABLE ONLY public.files ALTER COLUMN id SET DEFAULT nextval('public.files_id_seq'::regclass);


--
-- Name: group id; Type: DEFAULT; Schema: public; Owner: devel_omicsdm_3tr_rw
--

ALTER TABLE ONLY public."group" ALTER COLUMN id SET DEFAULT nextval('public.group_id_seq'::regclass);


--
-- Name: history id; Type: DEFAULT; Schema: public; Owner: devel_omicsdm_3tr_rw
--

ALTER TABLE ONLY public.history ALTER COLUMN id SET DEFAULT nextval('public.history_id_seq'::regclass);


--
-- Name: projects id; Type: DEFAULT; Schema: public; Owner: devel_omicsdm_3tr_rw
--

ALTER TABLE ONLY public.projects ALTER COLUMN id SET DEFAULT nextval('public.projects_id_seq'::regclass);


--
-- Data for Name: analyses; Type: TABLE DATA; Schema: public; Owner: devel_omicsdm_3tr_rw
--

COPY public.analyses (id, analysis_id, name, tags, description, dataset_ids, file_ids, private, submitter_name, submission_date, shared_with, status, jenkins_jobs, extra_cols) FROM stdin;
\.


--
-- Data for Name: analysis_group; Type: TABLE DATA; Schema: public; Owner: devel_omicsdm_3tr_rw
--

COPY public.analysis_group (analysis_id, group_id, owner) FROM stdin;
\.


--
-- Data for Name: dataset_group; Type: TABLE DATA; Schema: public; Owner: devel_omicsdm_3tr_rw
--

COPY public.dataset_group (dataset_id, group_id, owner) FROM stdin;
270	33	t
271	33	t
272	33	t
273	33	t
274	34	t
275	33	t
276	33	t
277	34	t
278	33	t
279	33	t
280	34	t
281	33	t
282	33	t
283	33	t
284	34	t
285	33	t
286	34	t
287	33	t
288	33	t
289	33	t
290	33	t
291	33	t
292	33	t
293	33	t
294	33	t
295	33	t
296	33	t
297	33	t
298	33	t
299	33	t
300	34	t
301	33	t
302	33	t
303	35	t
304	33	t
305	33	t
306	37	t
307	33	t
308	33	t
309	33	t
310	39	t
311	33	t
312	33	t
313	33	t
314	41	t
315	33	t
316	33	t
317	33	t
318	33	t
319	33	t
320	33	t
321	33	t
322	33	t
323	33	t
324	33	t
325	33	t
326	34	t
327	33	t
328	34	t
329	33	t
330	33	t
331	33	t
332	33	t
333	33	t
334	33	t
335	33	t
336	33	t
337	34	t
338	33	t
339	34	t
340	33	t
341	33	t
342	33	t
343	33	t
344	33	t
345	33	t
346	35	t
347	37	t
348	39	t
349	41	t
350	33	t
351	33	t
352	33	t
353	33	t
354	33	t
355	33	t
356	33	t
357	33	t
358	33	t
359	33	t
360	35	t
361	33	t
362	33	t
363	33	t
364	33	t
\.


--
-- Data for Name: datasets; Type: TABLE DATA; Schema: public; Owner: devel_omicsdm_3tr_rw
--

COPY public.datasets (id, dataset_id, name, private, submitter_name, submission_date, shared_with, project_id, extra_cols) FROM stdin;
270	1648033403951		t	test	2022-03-23 11:03:28.832352	{}	0	\N
271	1648033405429		t	test	2022-03-23 11:03:29.83447	{}	0	\N
272	1648033407809		t	test	2022-03-23 11:03:32.419288	{}	0	\N
273	1648033412376		t	test	2022-03-23 11:03:35.220811	{}	0	\N
274	1648033412377		f	test2	2022-03-23 11:03:39.57635	{}	0	\N
275	1648033418253		t	test	2022-03-23 11:03:41.703132	{}	0	\N
276	1648033419325		t	test	2022-03-23 11:03:42.21015	{}	0	\N
277	1648033419325		f	test2	2022-03-23 11:03:46.496246	{}	0	\N
278	1648033423818		t	test	2022-03-23 11:03:47.884949	{}	0	\N
279	1648033427978		t	test	2022-03-23 11:03:50.807929	{}	0	\N
280	1648033423819		f	test2	2022-03-23 11:03:53.977532	{}	0	\N
281	1648033441096		t	test	2022-03-23 11:04:04.173527	{}	0	\N
282	1648033440806		t	test	2022-03-23 11:04:04.208536	{}	0	\N
283	1648033437978		t	test	2022-03-23 11:04:06.71829	{}	0	\N
284	1648033441097		f	test2	2022-03-23 11:04:07.853	{}	0	\N
285	1648033451058		t	test	2022-03-23 11:04:13.957333	{}	0	\N
286	1648033437978		f	test2	2022-03-23 11:04:14.727089	{}	0	\N
287	1648033451192		t	test	2022-03-23 11:04:15.126316	{}	0	\N
288	1648033451191		t	test	2022-03-23 11:04:15.13737	{}	0	\N
289	1648033456989		t	test	2022-03-23 11:04:21.734062	{}	0	\N
290	1648033460413		t	test	2022-03-23 11:04:24.333306	{}	0	\N
291	1648033460412		t	test	2022-03-23 11:04:24.354106	{}	0	\N
292	1648033464745		t	test	2022-03-23 11:04:27.87156	{}	0	\N
293	1648033467367		t	test	2022-03-23 11:04:30.508286	{}	0	\N
294	1648033468547		t	test	2022-03-23 11:04:32.387705	{}	0	\N
295	1648033468546		f	test	2022-03-23 11:04:32.400836	{}	0	\N
296	1648033478655		f	test	2022-03-23 11:04:42.393961	{}	0	\N
297	1648033487892		t	test	2022-03-23 11:04:50.780211	{}	0	\N
298	1648033487648		t	test	2022-03-23 11:04:52.987661	{}	0	\N
299	1648033487647		t	test	2022-03-23 11:04:53.030743	{}	0	\N
300	1648033487892		f	test2	2022-03-23 11:04:54.662663	{}	0	\N
301	1648033498713		t	test	2022-03-23 11:05:03.302457	{}	0	\N
302	1648033498712		t	test	2022-03-23 11:05:03.322174	{}	0	\N
304	1648033505433		t	test	2022-03-23 11:05:09.872204	{}	0	\N
305	1648033505432		t	test	2022-03-23 11:05:09.890686	{}	0	\N
303	1648033506756		f	test3	2022-03-23 11:05:09.823161	{}	0	\N
306	1648033522965		t	test5	2022-03-23 11:05:26.291551	{}	0	\N
307	1648033529242		t	test	2022-03-23 11:05:32.122339	{}	0	\N
308	1648033532616		t	test	2022-03-23 11:05:35.39741	{}	0	\N
309	1648033536674		t	test	2022-03-23 11:05:39.648996	{}	0	\N
311	1648033540028		t	test	2022-03-23 11:05:42.817383	{}	0	\N
310	1648033537170		t	test7	2022-03-23 11:05:40.074693	{40}	0	\N
312	1648033545273		t	test	2022-03-23 11:05:49.090534	{}	0	\N
313	1648033545272		t	test	2022-03-23 11:05:49.110144	{}	0	\N
315	1648033555254		t	test	2022-03-23 11:05:57.942884	{}	0	\N
343	1648033809288		t	test	2022-03-23 11:10:13.991133	{}	0	\N
316	1648033560480		t	test	2022-03-23 11:06:03.13238	{}	0	\N
350	1648033911433		t	test	2022-03-23 11:11:54.034485	{}	0	\N
317	1648033603390		t	test	2022-03-23 11:06:47.908729	{}	0	\N
318	1648033612965		t	test	2022-03-23 11:06:55.58867	{}	0	\N
319	1648033621770		t	test	2022-03-23 11:07:04.436049	{}	0	\N
320	1648033631168		t	test	2022-03-23 11:07:13.780122	{}	0	\N
321	1648033639749		t	test	2022-03-23 11:07:22.581674	{}	0	\N
322	1648033652043		t	test	2022-03-23 11:07:34.792673	{}	0	\N
323	1648033666526		f	test	2022-03-23 11:07:49.03836	{}	0	\N
324	1648033686134		t	test	2022-03-23 11:08:09.718422	{}	0	\N
325	1648033692240		t	test	2022-03-23 11:08:15.150936	{}	0	\N
326	1648033692241		f	test2	2022-03-23 11:08:18.323032	{}	0	\N
327	1648033701509		t	test	2022-03-23 11:08:24.307518	{}	0	\N
328	1648033701509		f	test2	2022-03-23 11:08:27.201952	{}	0	\N
329	1648033710486		t	test	2022-03-23 11:08:34.101899	{}	0	\N
330	1648033710485		t	test	2022-03-23 11:08:34.12483	{}	0	\N
331	1648033718628		t	test	2022-03-23 11:08:42.712399	{}	0	\N
332	1648033718627		t	test	2022-03-23 11:08:42.740032	{}	0	\N
333	1648033726329		t	test	2022-03-23 11:08:49.962781	{}	0	\N
334	1648033726328		f	test	2022-03-23 11:08:49.9818	{}	0	\N
335	1648033739985		t	test	2022-03-23 11:09:03.550807	{}	0	\N
336	1648033748713		t	test	2022-03-23 11:09:11.425379	{}	0	\N
337	1648033748713		f	test2	2022-03-23 11:09:14.449	{}	0	\N
338	1648033763522		t	test	2022-03-23 11:09:26.23179	{}	0	\N
339	1648033763522		f	test2	2022-03-23 11:09:29.182344	{}	0	\N
340	1648033778489		t	test	2022-03-23 11:09:42.884396	{}	0	\N
341	1648033778488		t	test	2022-03-23 11:09:42.920074	{}	0	\N
342	1648033809289		t	test	2022-03-23 11:10:13.963948	{}	0	\N
344	1648033817603		t	test	2022-03-23 11:10:21.314456	{}	0	\N
345	1648033817602		t	test	2022-03-23 11:10:21.340243	{}	0	\N
346	1648033824753		f	test3	2022-03-23 11:10:28.055854	{}	0	\N
347	1648033839541		t	test5	2022-03-23 11:10:42.34767	{}	0	\N
348	1648033853170		t	test7	2022-03-23 11:10:56.24489	{40}	0	\N
349	1648033864894		t	test9	2022-03-23 11:11:07.497039	{}	0	\N
314	1648033549355		t	test9	2022-03-23 11:05:52.049996	{}	0	\N
351	1648033914512		t	test	2022-03-23 11:11:57.343993	{}	0	\N
352	1648033926900		t	test	2022-03-23 11:12:09.582029	{}	0	\N
353	1648033929835		t	test	2022-03-23 11:12:12.523346	{}	0	\N
354	1648033934679		t	test	2022-03-23 11:12:18.401064	{}	0	\N
355	1648033934678		t	test	2022-03-23 11:12:18.457866	{}	0	\N
356	1648033945148		t	test	2022-03-23 11:12:27.800781	{}	0	\N
357	1648033950384		t	test	2022-03-23 11:12:33.250182	{}	0	\N
360	test3		t	test3	2022-03-31 13:56:54.230504	{33}	0	\N
358	test		t	test	2022-03-31 13:44:20.026922	{35}	0	\N
359	test2		t	test	2022-03-31 13:44:20.126839	{35}	0	\N
361	test	our first dataset	f	test	2022-06-30 14:56:36.473628	{}	3	{"tags": "tags", "contact": "contact", "disease": "healthy control", "dataType": "Microbiome", "platform": "Platform1", "treatment": "Drug1", "valueType": "Array", "annotation": "Annotation1", "featuresID": "feature1", "sampleType": "Tissue", "samplesCount": 10, "featuresCount": 100, "molecularInfo": "info1", "additionalInfo": "info", "genomeAssembly": "Assembly1", "healthyControllsIncluded": true}
362	test2	our second dataset	f	test	2022-06-30 14:56:36.612648	{}	3	{"tags": "tags", "contact": "contact", "disease": "healthy control", "dataType": "Imaging and histology/pathology", "platform": "Platform2", "treatment": "Drug2", "valueType": "Array", "annotation": "Annotation2", "featuresID": "feature2", "sampleType": "Tissue", "samplesCount": 10, "featuresCount": 100, "molecularInfo": "info2", "additionalInfo": "info", "genomeAssembly": "Assembly1", "healthyControllsIncluded": false}
363	test	our first dataset	f	test	2022-06-30 14:59:05.310065	{}	2	{"tags": "tags", "contact": "contact", "disease": "healthy control", "dataType": "Microbiome", "platform": "Platform1", "treatment": "Drug1", "valueType": "Array", "annotation": "Annotation1", "featuresID": "feature1", "sampleType": "Tissue", "samplesCount": 10, "featuresCount": 100, "molecularInfo": "info1", "additionalInfo": "info", "genomeAssembly": "Assembly1", "healthyControllsIncluded": true}
364	test2	our second dataset	f	test	2022-06-30 14:59:05.385517	{}	2	{"tags": "tags", "contact": "contact", "disease": "healthy control", "dataType": "Imaging and histology/pathology", "platform": "Platform2", "treatment": "Drug2", "valueType": "Array", "annotation": "Annotation2", "featuresID": "feature2", "sampleType": "Tissue", "samplesCount": 10, "featuresCount": 100, "molecularInfo": "info2", "additionalInfo": "info", "genomeAssembly": "Assembly1", "healthyControllsIncluded": false}
\.


--
-- Data for Name: files; Type: TABLE DATA; Schema: public; Owner: devel_omicsdm_3tr_rw
--

COPY public.files (id, dataset_id, name, submitter_name, submission_date, version, enabled, shared_with, upload_finished, extra_cols) FROM stdin;
49	271	testfile.tsv	test	2022-03-23 11:03:34.54622	1	t	{}	f	\N
50	272	testfile.tsv	test	2022-03-23 11:03:36.933811	1	t	{}	f	\N
51	275	testfile.tsv	test	2022-03-23 11:03:44.521672	1	t	{}	f	\N
52	276	testfile.tsv	test	2022-03-23 11:03:49.178629	1	t	{}	f	\N
53	277	testfile.tsv	test2	2022-03-23 11:03:53.131568	1	t	{}	f	\N
54	279	testfile.tsv	test	2022-03-23 11:03:55.564405	1	t	{}	f	\N
55	282	testfile.tsv	test	2022-03-23 11:04:06.977183	1	t	{}	f	\N
56	285	testfile.tsv	test	2022-03-23 11:04:16.703011	1	t	{}	f	\N
57	283	testfile.tsv	test	2022-03-23 11:04:23.805443	1	t	{}	f	\N
58	289	testfile.tsv	test	2022-03-23 11:04:25.565751	1	t	{}	f	\N
59	292	testfile.tsv	test	2022-03-23 11:04:31.021181	1	t	{}	f	\N
60	286	testfile.tsv	test2	2022-03-23 11:04:34.985085	1	t	{}	f	\N
61	296	testfile.tsv	test	2022-03-23 11:04:44.922773	1	t	{}	f	\N
62	297	testfile.tsv	test	2022-03-23 11:04:57.826461	1	t	{}	f	\N
63	300	testfile.tsv	test2	2022-03-23 11:05:01.19273	1	t	{}	f	\N
64	304	testfile.tsv	test	2022-03-23 11:05:13.467408	1	t	{}	f	\N
65	305	testfile2.tsv	test	2022-03-23 11:05:13.469171	1	t	{}	f	\N
66	316	testfile.tsv	test	2022-03-23 11:06:05.608717	1	t	{}	f	\N
67	317	testfile.tsv	test	2022-03-23 11:06:51.596894	1	t	{}	f	\N
68	318	testfile.tsv	test	2022-03-23 11:06:58.250965	1	t	{}	f	\N
69	319	testfile.tsv	test	2022-03-23 11:07:06.845076	1	t	{}	f	\N
70	320	testfile.tsv	test	2022-03-23 11:07:16.329544	1	t	{}	f	\N
71	321	testfile.tsv	test	2022-03-23 11:07:24.982292	1	t	{}	f	\N
72	322	testfile.tsv	test	2022-03-23 11:07:37.698004	1	t	{}	f	\N
73	323	testfile.tsv	test	2022-03-23 11:07:51.462312	1	t	{}	f	\N
74	335	testfile.tsv	test	2022-03-23 11:09:06.260512	1	t	{}	f	\N
75	336	testfile.tsv	test	2022-03-23 11:09:17.053034	1	t	{}	f	\N
76	337	testfile.tsv	test2	2022-03-23 11:09:19.991406	1	t	{}	f	\N
77	338	testfile.tsv	test	2022-03-23 11:09:31.660506	1	t	{}	f	\N
78	339	testfile.tsv	test2	2022-03-23 11:09:34.729228	1	t	{}	f	\N
80	341	testfile2.tsv	test	2022-03-23 11:09:46.591173	1	t	{}	f	\N
79	340	testfile.tsv	test	2022-03-23 11:09:46.586648	1	t	{}	f	\N
81	357	testfile.tsv	test	2022-03-23 11:12:35.856032	1	t	{}	f	\N
82	358	test.txt	test	2022-03-31 13:45:19.215765	1	t	{35}	f	\N
83	358	test2.txt	test	2022-03-31 13:45:19.225842	1	t	{35}	f	\N
84	359	test.csv	test	2022-03-31 13:45:19.286921	1	t	{35}	f	\N
85	359	test2.csv	test	2022-03-31 13:45:19.291056	1	t	{35}	f	\N
86	361	testfile.tsv	test	2022-07-01 10:55:59.213531	1	t	{}	f	{"Comment": ""}
87	361	testfile.csv	test	2022-07-01 14:49:28.653958	1	t	{}	f	{"Comment": ""}
88	361	testfile.csv	test	2022-07-01 15:08:09.594887	1	t	{}	f	{"Comment": ""}
89	361	testfile.csv	test	2022-07-01 15:09:01.297682	1	t	{}	f	{"Comment": ""}
90	361	testfile.csv	test	2022-07-01 15:30:17.097668	1	t	{}	f	{"Comment": ""}
91	361	testfile.csv	test	2022-07-01 15:42:47.073083	1	t	{}	f	{"Comment": ""}
\.


--
-- Data for Name: group; Type: TABLE DATA; Schema: public; Owner: devel_omicsdm_3tr_rw
--

COPY public."group" (id, kc_groupname) FROM stdin;
33	3tr
34	cnag
35	crg
36	granada
37	group5
38	group6
39	group7
40	group8
41	group9
42	group10
43	admin
\.


--
-- Data for Name: history; Type: TABLE DATA; Schema: public; Owner: devel_omicsdm_3tr_rw
--

COPY public.history (id, entity_id, "timestamp", username, groups, endpoint, method, content) FROM stdin;
1	tokentest	2022-05-19 15:27:12.004422	test	3tr,Opal-users	http://localhost/api/tokentest	GET	{"data": "empty"}
2	tokentest	2022-05-19 15:32:19.817283	test	3tr,Opal-users	http://localhost/api/tokentest	GET	{"data": "empty"}
3	tokentest	2022-05-19 15:36:56.701666	test	3tr,Opal-users	http://localhost/api/tokentest	GET	{"data": "empty"}
4	tokentest	2022-05-19 15:42:11.426429	test	3tr,Opal-users	http://localhost/api/tokentest	GET	{"data": "empty"}
5	tokentest	2022-05-19 15:50:31.808725	test	3tr,Opal-users	http://localhost/api/tokentest	GET	{"data": "empty"}
6	tokentest	2022-05-19 15:52:31.962252	test	3tr,Opal-users	http://localhost/api/tokentest	GET	{"data": "empty"}
7	tokentest	2022-05-19 15:54:07.555549	test	3tr,Opal-users	http://localhost/api/tokentest	GET	{"data": "empty"}
8	tokentest	2022-05-19 16:02:29.609878	test	3tr,Opal-users	http://localhost/api/tokentest	GET	{"data": "empty"}
9	tokentest	2022-05-19 16:07:58.243568	test	3tr,Opal-users	http://localhost/api/tokentest	GET	{"data": "empty"}
10	tokentest	2022-05-19 16:18:35.751096	test	3tr,Opal-users	http://localhost/api/tokentest	GET	{"data": "empty"}
11	tokentest	2022-05-19 16:29:12.112255	test	3tr,Opal-users	http://localhost/api/tokentest	GET	{"data": "empty"}
12	tokentest	2022-05-19 16:43:03.449077	test	3tr,Opal-users	http://localhost/api/tokentest	GET	{"data": "empty"}
13	tokentest	2022-05-20 08:45:15.942646	test	3tr,Opal-users	http://localhost/api/tokentest	GET	{"data": "empty"}
14	create	2022-05-23 07:08:21.185339	test	3tr,Opal-users	http://3tr.cnag.crg.dev/api/projects/create	POST	{"data": [{"id": "proj1", "name": "", "owners": "3tr", "diseases": "", "description": "", "fileDlAllowed": "true", "datasetVisibilityDefault": "public", "datasetVisibilityChangeable": "true"}]}
15	all	2022-05-23 07:08:25.854332	test	3tr,Opal-users	http://3tr.cnag.crg.dev/api/projects/all	POST	{"data": {"test": "test"}}
16	all	2022-05-23 07:08:25.907682	test	3tr,Opal-users	http://3tr.cnag.crg.dev/api/projects/all	POST	{"data": {"test": "test"}}
17	datasets?arg=create	2022-05-23 07:08:49.886985	test	3tr,Opal-users	http://3tr.cnag.crg.dev/api/datasets?arg=create	POST	{"data": [{"id": "ds1", "name": "", "tags": "t", "contact": "t", "disease": "COPD", "dataType": "t", "platform": "t", "treatment": "t", "valueType": "t", "annotation": "t", "featuresID": "t", "project_id": "proj1", "sampleType": "t", "visibility": "private", "samplesCount": "t", "featuresCount": "t", "molecularInfo": "t", "additionalInfo": "t", "genomeAssembly": "t", "healthyControllsIncluded": "True"}]}
18	all	2022-05-23 16:13:25.039043	jenkins	3tr	http://3tr.cnag.crg.dev/api/projects/all	POST	{"data": {"test": "test"}}
19	all	2022-05-23 16:13:25.176634	jenkins	3tr	http://3tr.cnag.crg.dev/api/projects/all	POST	{"data": {"test": "test"}}
20	all	2022-05-23 16:13:25.838403	jenkins	3tr	http://3tr.cnag.crg.dev/api/projects/all	POST	{"data": {"test": "test"}}
21	all	2022-05-23 17:17:04.100209	jenkins	3tr	http://3tr.cnag.crg.dev/api/projects/all	POST	{"data": {"test": "test"}}
22	all	2022-05-23 17:17:04.198843	jenkins	3tr	http://3tr.cnag.crg.dev/api/projects/all	POST	{"data": {"test": "test"}}
23	all	2022-05-23 17:17:04.708847	jenkins	3tr	http://3tr.cnag.crg.dev/api/projects/all	POST	{"data": {"test": "test"}}
24	all	2022-05-23 17:17:04.796875	jenkins	3tr	http://3tr.cnag.crg.dev/api/projects/all	POST	{"data": {"test": "test"}}
25	all	2022-05-23 17:24:04.382433	jenkins	3tr	http://3tr.cnag.crg.dev/api/projects/all	POST	{"data": {"test": "test"}}
26	all	2022-05-23 17:24:04.475595	jenkins	3tr	http://3tr.cnag.crg.dev/api/projects/all	POST	{"data": {"test": "test"}}
27	all	2022-05-23 17:24:04.96207	jenkins	3tr	http://3tr.cnag.crg.dev/api/projects/all	POST	{"data": {"test": "test"}}
28	all	2022-05-23 17:24:05.046629	jenkins	3tr	http://3tr.cnag.crg.dev/api/projects/all	POST	{"data": {"test": "test"}}
29	all	2022-05-23 17:29:25.00253	jenkins	3tr	http://3tr.cnag.crg.dev/api/projects/all	POST	{"data": {"test": "test"}}
30	all	2022-05-23 17:29:25.095143	jenkins	3tr	http://3tr.cnag.crg.dev/api/projects/all	POST	{"data": {"test": "test"}}
31	all	2022-05-23 17:29:25.615587	jenkins	3tr	http://3tr.cnag.crg.dev/api/projects/all	POST	{"data": {"test": "test"}}
32	all	2022-05-23 17:29:25.707779	jenkins	3tr	http://3tr.cnag.crg.dev/api/projects/all	POST	{"data": {"test": "test"}}
33	create	2022-05-24 12:19:43.78389	test	3tr,Opal-users	http://3tr.cnag.crg.dev/api/projects/create	POST	{"data": [{"id": "test", "name": "", "owners": "3tr", "diseases": "", "description": "", "fileDlAllowed": "true", "datasetVisibilityDefault": "private", "datasetVisibilityChangeable": "true"}]}
34	all	2022-05-24 12:19:47.122334	test	3tr,Opal-users	http://3tr.cnag.crg.dev/api/projects/all	POST	{"data": {"test": "test"}}
35	all	2022-05-24 12:19:47.167338	test	3tr,Opal-users	http://3tr.cnag.crg.dev/api/projects/all	POST	{"data": {"test": "test"}}
36	all	2022-05-24 12:20:48.406237	test	3tr,Opal-users	http://3tr.cnag.crg.dev/api/projects/all	POST	{"data": {"test": "test"}}
37	all	2022-05-24 12:20:48.446864	test	3tr,Opal-users	http://3tr.cnag.crg.dev/api/projects/all	POST	{"data": {"test": "test"}}
38	all	2022-05-24 12:21:38.250446	test	3tr,Opal-users	http://3tr.cnag.crg.dev/api/projects/all	POST	{"data": {"test": "test"}}
39	all	2022-05-24 12:21:38.286973	test	3tr,Opal-users	http://3tr.cnag.crg.dev/api/projects/all	POST	{"data": {"test": "test"}}
40	create	2022-05-24 12:21:50.109786	test	3tr,Opal-users	http://3tr.cnag.crg.dev/api/projects/create	POST	{"data": [{"id": "test", "name": "", "owners": "3tr", "diseases": "", "description": "", "fileDlAllowed": "true", "datasetVisibilityDefault": "private", "datasetVisibilityChangeable": "true"}]}
41	create	2022-05-24 12:22:16.108213	test	3tr,Opal-users	http://3tr.cnag.crg.dev/api/projects/create	POST	{"data": [{"id": "test", "name": "", "owners": "3tr", "diseases": "", "description": "", "fileDlAllowed": "true", "datasetVisibilityDefault": "private", "datasetVisibilityChangeable": "true"}]}
42	create	2022-05-24 12:22:21.215444	test	3tr,Opal-users	http://3tr.cnag.crg.dev/api/projects/create	POST	{"data": [{"id": "test", "name": "", "owners": "3tr", "diseases": "", "description": "", "fileDlAllowed": "true", "datasetVisibilityDefault": "private", "datasetVisibilityChangeable": "true"}]}
43	create	2022-05-24 12:23:05.843465	test	3tr,Opal-users	http://3tr.cnag.crg.dev/api/projects/create	POST	{"data": [{"id": "test", "name": "", "owners": "3tr", "diseases": "", "description": "", "fileDlAllowed": "true", "datasetVisibilityDefault": "private", "datasetVisibilityChangeable": "true"}]}
44	create	2022-05-24 12:23:15.774695	test	3tr,Opal-users	http://3tr.cnag.crg.dev/api/projects/create	POST	{"data": [{"id": "test", "name": "", "owners": "3tr", "diseases": "", "description": "", "fileDlAllowed": "true", "datasetVisibilityDefault": "private", "datasetVisibilityChangeable": "true"}]}
45	submissioncols?arg=disease	2022-05-27 16:11:07.793526	jenkins	3tr	http://3tr.cnag.crg.dev/api/datasets/submissioncols?arg=disease	POST	{"data": {"col_id": "disease", "project_id": "project1"}}
46	submissioncols?arg=visibility	2022-05-27 16:11:07.793742	jenkins	3tr	http://3tr.cnag.crg.dev/api/datasets/submissioncols?arg=visibility	POST	{"data": {"col_id": "visibility", "project_id": "project1"}}
48	submissioncols?arg=visibility	2022-05-27 16:12:50.114349	jenkins	3tr	http://3tr.cnag.crg.dev/api/datasets/submissioncols?arg=visibility	POST	{"data": {"col_id": "visibility", "project_id": "project1"}}
50	submissioncols?arg=visibility	2022-05-27 16:12:51.609497	jenkins	3tr	http://3tr.cnag.crg.dev/api/datasets/submissioncols?arg=visibility	POST	{"data": {"col_id": "visibility", "project_id": "project1"}}
51	submissioncols?arg=disease	2022-05-27 16:12:52.823955	jenkins	3tr	http://3tr.cnag.crg.dev/api/datasets/submissioncols?arg=disease	POST	{"data": {"col_id": "disease", "project_id": "project1"}}
54	submissioncols?arg=visibility	2022-05-27 16:12:54.100652	jenkins	3tr	http://3tr.cnag.crg.dev/api/datasets/submissioncols?arg=visibility	POST	{"data": {"col_id": "visibility", "project_id": "project1"}}
56	submissioncols?arg=visibility	2022-05-27 16:12:56.625214	jenkins	3tr	http://3tr.cnag.crg.dev/api/datasets/submissioncols?arg=visibility	POST	{"data": {"col_id": "visibility", "project_id": "project1"}}
58	submissioncols?arg=visibility	2022-05-27 16:12:59.243686	jenkins	3tr	http://3tr.cnag.crg.dev/api/datasets/submissioncols?arg=visibility	POST	{"data": {"col_id": "visibility", "project_id": "project1"}}
60	submissioncols?arg=visibility	2022-05-27 16:13:01.865188	jenkins	3tr	http://3tr.cnag.crg.dev/api/datasets/submissioncols?arg=visibility	POST	{"data": {"col_id": "visibility", "project_id": "project1"}}
62	submissioncols?arg=visibility	2022-05-27 16:13:13.274314	jenkins	3tr	http://3tr.cnag.crg.dev/api/datasets/submissioncols?arg=visibility	POST	{"data": {"col_id": "visibility", "project_id": "project1"}}
47	submissioncols?arg=disease	2022-05-27 16:12:50.110585	jenkins	3tr	http://3tr.cnag.crg.dev/api/datasets/submissioncols?arg=disease	POST	{"data": {"col_id": "disease", "project_id": "project1"}}
49	submissioncols?arg=disease	2022-05-27 16:12:51.60812	jenkins	3tr	http://3tr.cnag.crg.dev/api/datasets/submissioncols?arg=disease	POST	{"data": {"col_id": "disease", "project_id": "project1"}}
52	submissioncols?arg=visibility	2022-05-27 16:12:52.824903	jenkins	3tr	http://3tr.cnag.crg.dev/api/datasets/submissioncols?arg=visibility	POST	{"data": {"col_id": "visibility", "project_id": "project1"}}
53	submissioncols?arg=disease	2022-05-27 16:12:54.099136	jenkins	3tr	http://3tr.cnag.crg.dev/api/datasets/submissioncols?arg=disease	POST	{"data": {"col_id": "disease", "project_id": "project1"}}
55	submissioncols?arg=disease	2022-05-27 16:12:56.623923	jenkins	3tr	http://3tr.cnag.crg.dev/api/datasets/submissioncols?arg=disease	POST	{"data": {"col_id": "disease", "project_id": "project1"}}
57	submissioncols?arg=disease	2022-05-27 16:12:59.242129	jenkins	3tr	http://3tr.cnag.crg.dev/api/datasets/submissioncols?arg=disease	POST	{"data": {"col_id": "disease", "project_id": "project1"}}
59	submissioncols?arg=disease	2022-05-27 16:13:01.863635	jenkins	3tr	http://3tr.cnag.crg.dev/api/datasets/submissioncols?arg=disease	POST	{"data": {"col_id": "disease", "project_id": "project1"}}
61	submissioncols?arg=disease	2022-05-27 16:13:13.272856	jenkins	3tr	http://3tr.cnag.crg.dev/api/datasets/submissioncols?arg=disease	POST	{"data": {"col_id": "disease", "project_id": "project1"}}
64	submissioncols?arg=visibility	2022-05-27 16:13:26.53324	jenkins	3tr	http://3tr.cnag.crg.dev/api/datasets/submissioncols?arg=visibility	POST	{"data": {"col_id": "visibility", "project_id": "project1"}}
63	submissioncols?arg=disease	2022-05-27 16:13:26.531215	jenkins	3tr	http://3tr.cnag.crg.dev/api/datasets/submissioncols?arg=disease	POST	{"data": {"col_id": "disease", "project_id": "project1"}}
65	submissioncols?arg=disease	2022-05-27 16:13:39.819176	jenkins	3tr	http://3tr.cnag.crg.dev/api/datasets/submissioncols?arg=disease	POST	{"data": {"col_id": "disease", "project_id": "project1"}}
66	submissioncols?arg=visibility	2022-05-27 16:13:39.821389	jenkins	3tr	http://3tr.cnag.crg.dev/api/datasets/submissioncols?arg=visibility	POST	{"data": {"col_id": "visibility", "project_id": "project1"}}
67	submissioncols?arg=disease	2022-05-27 16:13:53.829678	jenkins	3tr	http://3tr.cnag.crg.dev/api/datasets/submissioncols?arg=disease	POST	{"data": {"col_id": "disease", "project_id": "project1"}}
68	submissioncols?arg=visibility	2022-05-27 16:13:53.83063	jenkins	3tr	http://3tr.cnag.crg.dev/api/datasets/submissioncols?arg=visibility	POST	{"data": {"col_id": "visibility", "project_id": "project1"}}
69	submissioncols?arg=disease	2022-05-27 16:14:10.791368	jenkins	3tr	http://3tr.cnag.crg.dev/api/datasets/submissioncols?arg=disease	POST	{"data": {"col_id": "disease", "project_id": "project1"}}
70	submissioncols?arg=visibility	2022-05-27 16:14:10.799249	jenkins	3tr	http://3tr.cnag.crg.dev/api/datasets/submissioncols?arg=visibility	POST	{"data": {"col_id": "visibility", "project_id": "project1"}}
71	submissioncols?arg=disease	2022-05-27 16:14:27.303295	jenkins	3tr	http://3tr.cnag.crg.dev/api/datasets/submissioncols?arg=disease	POST	{"data": {"col_id": "disease", "project_id": "project1"}}
72	submissioncols?arg=visibility	2022-05-27 16:14:27.305942	jenkins	3tr	http://3tr.cnag.crg.dev/api/datasets/submissioncols?arg=visibility	POST	{"data": {"col_id": "visibility", "project_id": "project1"}}
73	submissioncols?arg=disease	2022-05-27 16:14:41.599233	jenkins	3tr	http://3tr.cnag.crg.dev/api/datasets/submissioncols?arg=disease	POST	{"data": {"col_id": "disease", "project_id": "project1"}}
74	submissioncols?arg=visibility	2022-05-27 16:14:41.600039	jenkins	3tr	http://3tr.cnag.crg.dev/api/datasets/submissioncols?arg=visibility	POST	{"data": {"col_id": "visibility", "project_id": "project1"}}
75	submissioncols?arg=disease	2022-05-27 16:14:59.423164	jenkins	3tr	http://3tr.cnag.crg.dev/api/datasets/submissioncols?arg=disease	POST	{"data": {"col_id": "disease", "project_id": "project1"}}
76	submissioncols?arg=visibility	2022-05-27 16:14:59.424144	jenkins	3tr	http://3tr.cnag.crg.dev/api/datasets/submissioncols?arg=visibility	POST	{"data": {"col_id": "visibility", "project_id": "project1"}}
77	submissioncols?arg=disease	2022-05-27 16:32:09.092319	jenkins	3tr	http://3tr.cnag.crg.dev/api/datasets/submissioncols?arg=disease	POST	{"data": {"col_id": "disease", "project_id": "project1"}}
78	submissioncols?arg=visibility	2022-05-27 16:32:09.092436	jenkins	3tr	http://3tr.cnag.crg.dev/api/datasets/submissioncols?arg=visibility	POST	{"data": {"col_id": "visibility", "project_id": "project1"}}
79	submissioncols?arg=disease	2022-05-27 16:33:50.74824	jenkins	3tr	http://3tr.cnag.crg.dev/api/datasets/submissioncols?arg=disease	POST	{"data": {"col_id": "disease", "project_id": "project1"}}
80	submissioncols?arg=visibility	2022-05-27 16:33:50.755615	jenkins	3tr	http://3tr.cnag.crg.dev/api/datasets/submissioncols?arg=visibility	POST	{"data": {"col_id": "visibility", "project_id": "project1"}}
81	submissioncols?arg=disease	2022-05-27 16:33:52.255564	jenkins	3tr	http://3tr.cnag.crg.dev/api/datasets/submissioncols?arg=disease	POST	{"data": {"col_id": "disease", "project_id": "project1"}}
82	submissioncols?arg=visibility	2022-05-27 16:33:52.259768	jenkins	3tr	http://3tr.cnag.crg.dev/api/datasets/submissioncols?arg=visibility	POST	{"data": {"col_id": "visibility", "project_id": "project1"}}
83	submissioncols?arg=visibility	2022-05-27 16:33:53.61098	jenkins	3tr	http://3tr.cnag.crg.dev/api/datasets/submissioncols?arg=visibility	POST	{"data": {"col_id": "visibility", "project_id": "project1"}}
84	submissioncols?arg=disease	2022-05-27 16:33:53.612346	jenkins	3tr	http://3tr.cnag.crg.dev/api/datasets/submissioncols?arg=disease	POST	{"data": {"col_id": "disease", "project_id": "project1"}}
85	submissioncols?arg=disease	2022-05-27 16:33:54.965223	jenkins	3tr	http://3tr.cnag.crg.dev/api/datasets/submissioncols?arg=disease	POST	{"data": {"col_id": "disease", "project_id": "project1"}}
86	submissioncols?arg=visibility	2022-05-27 16:33:54.967012	jenkins	3tr	http://3tr.cnag.crg.dev/api/datasets/submissioncols?arg=visibility	POST	{"data": {"col_id": "visibility", "project_id": "project1"}}
87	submissioncols?arg=disease	2022-05-27 16:33:57.601479	jenkins	3tr	http://3tr.cnag.crg.dev/api/datasets/submissioncols?arg=disease	POST	{"data": {"col_id": "disease", "project_id": "project1"}}
88	submissioncols?arg=visibility	2022-05-27 16:33:57.602726	jenkins	3tr	http://3tr.cnag.crg.dev/api/datasets/submissioncols?arg=visibility	POST	{"data": {"col_id": "visibility", "project_id": "project1"}}
89	submissioncols?arg=disease	2022-05-27 16:34:00.189421	jenkins	3tr	http://3tr.cnag.crg.dev/api/datasets/submissioncols?arg=disease	POST	{"data": {"col_id": "disease", "project_id": "project1"}}
90	submissioncols?arg=visibility	2022-05-27 16:34:00.190511	jenkins	3tr	http://3tr.cnag.crg.dev/api/datasets/submissioncols?arg=visibility	POST	{"data": {"col_id": "visibility", "project_id": "project1"}}
91	submissioncols?arg=disease	2022-05-27 16:34:02.7516	jenkins	3tr	http://3tr.cnag.crg.dev/api/datasets/submissioncols?arg=disease	POST	{"data": {"col_id": "disease", "project_id": "project1"}}
93	submissioncols?arg=disease	2022-05-27 16:34:14.024892	jenkins	3tr	http://3tr.cnag.crg.dev/api/datasets/submissioncols?arg=disease	POST	{"data": {"col_id": "disease", "project_id": "project1"}}
96	submissioncols?arg=visibility	2022-05-27 16:34:27.434139	jenkins	3tr	http://3tr.cnag.crg.dev/api/datasets/submissioncols?arg=visibility	POST	{"data": {"col_id": "visibility", "project_id": "project1"}}
98	submissioncols?arg=visibility	2022-05-27 16:34:40.612929	jenkins	3tr	http://3tr.cnag.crg.dev/api/datasets/submissioncols?arg=visibility	POST	{"data": {"col_id": "visibility", "project_id": "project1"}}
99	submissioncols?arg=disease	2022-05-27 16:34:54.509341	jenkins	3tr	http://3tr.cnag.crg.dev/api/datasets/submissioncols?arg=disease	POST	{"data": {"col_id": "disease", "project_id": "project1"}}
101	submissioncols?arg=disease	2022-05-27 16:35:10.281702	jenkins	3tr	http://3tr.cnag.crg.dev/api/datasets/submissioncols?arg=disease	POST	{"data": {"col_id": "disease", "project_id": "project1"}}
92	submissioncols?arg=visibility	2022-05-27 16:34:02.752418	jenkins	3tr	http://3tr.cnag.crg.dev/api/datasets/submissioncols?arg=visibility	POST	{"data": {"col_id": "visibility", "project_id": "project1"}}
94	submissioncols?arg=visibility	2022-05-27 16:34:14.029704	jenkins	3tr	http://3tr.cnag.crg.dev/api/datasets/submissioncols?arg=visibility	POST	{"data": {"col_id": "visibility", "project_id": "project1"}}
95	submissioncols?arg=disease	2022-05-27 16:34:27.429222	jenkins	3tr	http://3tr.cnag.crg.dev/api/datasets/submissioncols?arg=disease	POST	{"data": {"col_id": "disease", "project_id": "project1"}}
97	submissioncols?arg=disease	2022-05-27 16:34:40.610332	jenkins	3tr	http://3tr.cnag.crg.dev/api/datasets/submissioncols?arg=disease	POST	{"data": {"col_id": "disease", "project_id": "project1"}}
100	submissioncols?arg=visibility	2022-05-27 16:34:54.51451	jenkins	3tr	http://3tr.cnag.crg.dev/api/datasets/submissioncols?arg=visibility	POST	{"data": {"col_id": "visibility", "project_id": "project1"}}
102	submissioncols?arg=visibility	2022-05-27 16:35:10.282578	jenkins	3tr	http://3tr.cnag.crg.dev/api/datasets/submissioncols?arg=visibility	POST	{"data": {"col_id": "visibility", "project_id": "project1"}}
103	tokentest	2022-06-28 11:00:44.956467	admin	admin	http://3tr.cnag.crg.dev/api/tokentest	GET	{"data": "empty"}
104	create	2022-06-28 12:46:32.543693	admin	admin	http://3tr.cnag.crg.dev/api/projects/create	POST	{"data": [{"id": "proj1", "name": "project1", "owners": "3tr", "logoUrl": "https://www.google.com/", "diseases": "ASTHMA", "description": "lorem ipsum", "fileDlAllowed": true, "datasetVisibilityDefault": "visible to all", "datasetVisibilityChangeable": false}, {"id": "proj2", "name": "project2", "owners": "cnag", "logoUrl": "https://www.google.com/", "diseases": "COPD, RA", "description": "lorem ipsum", "fileDlAllowed": false, "datasetVisibilityDefault": "private", "datasetVisibilityChangeable": true}]}
105	create	2022-06-28 12:46:43.507269	admin	admin	http://3tr.cnag.crg.dev/api/projects/create	POST	{"data": [{"id": "proj12", "name": "project1", "owners": "3tr", "logoUrl": "https://www.google.com/", "diseases": "ASTHMA", "description": "lorem ipsum", "fileDlAllowed": true, "datasetVisibilityDefault": "visible to all", "datasetVisibilityChangeable": false}, {"id": "proj23", "name": "project2", "owners": "cnag", "logoUrl": "https://www.google.com/", "diseases": "COPD, RA", "description": "lorem ipsum", "fileDlAllowed": false, "datasetVisibilityDefault": "private", "datasetVisibilityChangeable": true}]}
106	all	2022-06-28 12:46:53.716738	test	3tr,Opal-users	http://3tr.cnag.crg.dev/api/projects/all	POST	{"data": {"search": ""}}
107	all	2022-06-28 13:10:44.726852	test	3tr,Opal-users	http://3tr.cnag.crg.dev/api/projects/all	POST	{"data": {"search": ""}}
108	all	2022-06-28 13:12:37.854396	test	3tr,Opal-users	http://3tr.cnag.crg.dev/api/datasets/all	POST	{"data": {"page": 1, "sorted": [], "filtered": [], "pageSize": 10}}
109	all	2022-06-28 13:12:40.268859	test	3tr,Opal-users	http://3tr.cnag.crg.dev/api/datasets/all	POST	{"data": {"page": 1, "sorted": [], "filtered": [], "pageSize": 10}}
110	all	2022-06-28 13:13:33.089645	test	3tr,Opal-users	http://3tr.cnag.crg.dev/api/files/all	POST	{"data": {"page": 1, "sorted": [], "filtered": [], "pageSize": 15}}
111	all	2022-06-28 13:13:42.691396	test	3tr,Opal-users	http://3tr.cnag.crg.dev/api/datasets/all	POST	{"data": {"page": 1, "sorted": [], "filtered": [], "pageSize": 10}}
112	all	2022-06-28 13:19:59.587397	test	3tr,Opal-users	http://3tr.cnag.crg.dev/api/datasets/all	POST	{"data": {"page": 1, "sorted": [], "filtered": [], "pageSize": 10}}
113	all	2022-06-28 13:20:03.471458	test	3tr,Opal-users	http://3tr.cnag.crg.dev/api/datasets/all	POST	{"data": {"page": 1, "sorted": [], "filtered": [], "pageSize": 10}}
114	all	2022-06-28 13:20:05.397466	test	3tr,Opal-users	http://3tr.cnag.crg.dev/api/projects/all	POST	{"data": {"search": ""}}
115	all	2022-06-28 14:08:16.981294	test	3tr,Opal-users	http://3tr.cnag.crg.dev/api/projects/all	POST	{"data": {"search": ""}}
116	all	2022-06-30 14:09:56.89904	admin	admin	http://3tr.cnag.crg.dev/api/files/all	POST	{"data": {"page": 1, "sorted": [], "filtered": [], "pageSize": 15}}
117	all	2022-06-30 14:09:58.212543	admin	admin	http://3tr.cnag.crg.dev/api/files/all	POST	{"data": {"page": 1, "sorted": [], "filtered": [], "pageSize": 15}}
118	allnew	2022-06-30 14:39:08.599794	admin	admin	http://3tr.cnag.crg.dev/api/projects/allnew	POST	{"data": {"page": 1, "sorted": [], "filtered": [], "pageSize": 10}}
119	update	2022-06-30 14:39:41.572717	admin	admin	http://3tr.cnag.crg.dev/api/projects/update	POST	{"data": {"field": "name", "value": "proj1", "project": "proj1"}}
120	allnew	2022-06-30 14:39:41.611464	admin	admin	http://3tr.cnag.crg.dev/api/projects/allnew	POST	{"data": {"page": 2, "sorted": [], "filtered": [], "pageSize": 10}}
121	update	2022-06-30 14:39:51.520436	admin	admin	http://3tr.cnag.crg.dev/api/projects/update	POST	{"data": {"field": "name", "value": "test", "project": "test"}}
122	allnew	2022-06-30 14:39:51.563928	admin	admin	http://3tr.cnag.crg.dev/api/projects/allnew	POST	{"data": {"page": 3, "sorted": [], "filtered": [], "pageSize": 10}}
123	update	2022-06-30 14:40:08.236411	admin	admin	http://3tr.cnag.crg.dev/api/projects/update	POST	{"data": {"field": "description", "value": "lorem ipsum", "project": "proj1"}}
124	allnew	2022-06-30 14:40:08.268181	admin	admin	http://3tr.cnag.crg.dev/api/projects/allnew	POST	{"data": {"page": 4, "sorted": [], "filtered": [], "pageSize": 10}}
125	update	2022-06-30 14:40:19.323327	admin	admin	http://3tr.cnag.crg.dev/api/projects/update	POST	{"data": {"field": "description", "value": "lorem ipsum", "project": "test"}}
126	allnew	2022-06-30 14:40:19.359676	admin	admin	http://3tr.cnag.crg.dev/api/projects/allnew	POST	{"data": {"page": 5, "sorted": [], "filtered": [], "pageSize": 10}}
127	update	2022-06-30 14:40:41.944692	admin	admin	http://3tr.cnag.crg.dev/api/projects/update	POST	{"data": {"field": "diseases", "value": "COPD, RA", "project": "proj1"}}
128	allnew	2022-06-30 14:40:41.968475	admin	admin	http://3tr.cnag.crg.dev/api/projects/allnew	POST	{"data": {"page": 6, "sorted": [], "filtered": [], "pageSize": 10}}
129	update	2022-06-30 14:40:45.579584	admin	admin	http://3tr.cnag.crg.dev/api/projects/update	POST	{"data": {"field": "diseases", "value": "COPD, RA", "project": "test"}}
130	allnew	2022-06-30 14:40:45.616227	admin	admin	http://3tr.cnag.crg.dev/api/projects/allnew	POST	{"data": {"page": 7, "sorted": [], "filtered": [], "pageSize": 10}}
131	update	2022-06-30 14:41:14.563287	admin	admin	http://3tr.cnag.crg.dev/api/projects/update	POST	{"data": {"field": "logo_url", "value": "ttps://www.google.com/", "project": "test"}}
132	allnew	2022-06-30 14:41:16.462217	admin	admin	http://3tr.cnag.crg.dev/api/projects/allnew	POST	{"data": {"page": 1, "sorted": [], "filtered": [], "pageSize": 10}}
135	update	2022-06-30 14:41:23.993702	admin	admin	http://3tr.cnag.crg.dev/api/projects/update	POST	{"data": {"field": "logo_url", "value": "https://www.google.com/", "project": "proj1"}}
136	allnew	2022-06-30 14:41:24.033399	admin	admin	http://3tr.cnag.crg.dev/api/projects/allnew	POST	{"data": {"page": 3, "sorted": [], "filtered": [], "pageSize": 10}}
137	update	2022-06-30 14:41:49.309271	admin	admin	http://3tr.cnag.crg.dev/api/projects/update	POST	{"data": {"field": "dataset_visibility_default", "value": "visible to alls", "project": "proj1"}}
138	allnew	2022-06-30 14:41:51.409966	admin	admin	http://3tr.cnag.crg.dev/api/projects/allnew	POST	{"data": {"page": 1, "sorted": [], "filtered": [], "pageSize": 10}}
139	update	2022-06-30 14:41:53.948615	admin	admin	http://3tr.cnag.crg.dev/api/projects/update	POST	{"data": {"field": "dataset_visibility_default", "value": "visible to all", "project": "proj1"}}
140	allnew	2022-06-30 14:41:53.97699	admin	admin	http://3tr.cnag.crg.dev/api/projects/allnew	POST	{"data": {"page": 2, "sorted": [], "filtered": [], "pageSize": 10}}
143	update	2022-06-30 14:42:13.115823	admin	admin	http://3tr.cnag.crg.dev/api/projects/update	POST	{"data": {"field": "dataset_visibility_changeable", "value": "Tru", "project": "proj1"}}
144	allnew	2022-06-30 14:42:14.650839	admin	admin	http://3tr.cnag.crg.dev/api/projects/allnew	POST	{"data": {"page": 1, "sorted": [], "filtered": [], "pageSize": 10}}
145	update	2022-06-30 14:42:17.98282	admin	admin	http://3tr.cnag.crg.dev/api/projects/update	POST	{"data": {"field": "dataset_visibility_changeable", "value": "True", "project": "proj1"}}
146	allnew	2022-06-30 14:42:18.012882	admin	admin	http://3tr.cnag.crg.dev/api/projects/allnew	POST	{"data": {"page": 2, "sorted": [], "filtered": [], "pageSize": 10}}
147	update	2022-06-30 14:42:22.431841	admin	admin	http://3tr.cnag.crg.dev/api/projects/update	POST	{"data": {"field": "dataset_visibility_changeable", "value": "True", "project": "test"}}
148	allnew	2022-06-30 14:42:22.462124	admin	admin	http://3tr.cnag.crg.dev/api/projects/allnew	POST	{"data": {"page": 3, "sorted": [], "filtered": [], "pageSize": 10}}
149	update	2022-06-30 14:42:31.85646	admin	admin	http://3tr.cnag.crg.dev/api/projects/update	POST	{"data": {"field": "file_dl_allowed", "value": "Tru", "project": "test"}}
151	update	2022-06-30 14:42:35.451621	admin	admin	http://3tr.cnag.crg.dev/api/projects/update	POST	{"data": {"field": "file_dl_allowed", "value": "True", "project": "test"}}
152	allnew	2022-06-30 14:42:35.477136	admin	admin	http://3tr.cnag.crg.dev/api/projects/allnew	POST	{"data": {"page": 2, "sorted": [], "filtered": [], "pageSize": 10}}
153	update	2022-06-30 14:42:36.154727	admin	admin	http://3tr.cnag.crg.dev/api/projects/update	POST	{"data": {"field": "file_dl_allowed", "value": "True", "project": "test"}}
154	allnew	2022-06-30 14:42:36.189715	admin	admin	http://3tr.cnag.crg.dev/api/projects/allnew	POST	{"data": {"page": 3, "sorted": [], "filtered": [], "pageSize": 10}}
155	update	2022-06-30 14:42:40.797271	admin	admin	http://3tr.cnag.crg.dev/api/projects/update	POST	{"data": {"field": "file_dl_allowed", "value": "True", "project": "proj1"}}
157	all	2022-06-30 14:42:46.806147	admin	admin	http://3tr.cnag.crg.dev/api/datasets/all	POST	{"data": {"page": 1, "sorted": [], "filtered": [], "pageSize": 10}}
158	all	2022-06-30 14:42:47.824264	admin	admin	http://3tr.cnag.crg.dev/api/projects/all	POST	{"data": {"search": ""}}
159	all	2022-06-30 14:42:47.851879	admin	admin	http://3tr.cnag.crg.dev/api/projects/all	POST	{"data": {"search": ""}}
160	all	2022-06-30 14:42:48.709384	admin	admin	http://3tr.cnag.crg.dev/api/projects/all	POST	{"data": {"search": ""}}
161	all	2022-06-30 14:42:48.737782	admin	admin	http://3tr.cnag.crg.dev/api/projects/all	POST	{"data": {"search": ""}}
163	all	2022-06-30 14:43:16.616726	admin	admin	http://3tr.cnag.crg.dev/api/projects/all	POST	{"data": {"search": ""}}
164	all	2022-06-30 14:43:16.655866	admin	admin	http://3tr.cnag.crg.dev/api/projects/all	POST	{"data": {"search": ""}}
165	all	2022-06-30 14:43:18.869384	admin	admin	http://3tr.cnag.crg.dev/api/projects/all	POST	{"data": {"search": ""}}
166	all	2022-06-30 14:43:18.908428	admin	admin	http://3tr.cnag.crg.dev/api/projects/all	POST	{"data": {"search": ""}}
173	all	2022-06-30 14:56:29.790667	test	3tr,Opal-users	http://3tr.cnag.crg.dev/api/projects/all	POST	{"data": {"search": ""}}
174	all	2022-06-30 14:56:29.833876	test	3tr,Opal-users	http://3tr.cnag.crg.dev/api/projects/all	POST	{"data": {"search": ""}}
175	submissioncols?arg=disease	2022-06-30 14:56:30.850044	test	3tr,Opal-users	http://3tr.cnag.crg.dev/api/datasets/submissioncols?arg=disease	POST	{"data": {"col_id": "disease", "project_id": "proj12"}}
176	submissioncols?arg=visibility	2022-06-30 14:56:30.885702	test	3tr,Opal-users	http://3tr.cnag.crg.dev/api/datasets/submissioncols?arg=visibility	POST	{"data": {"col_id": "visibility", "project_id": "proj12"}}
178	list	2022-06-30 14:56:38.994781	test	3tr,Opal-users	http://3tr.cnag.crg.dev/api/datasets/list	POST	{"data": {"dataset_id": "", "project_id": "proj12"}}
179	startupload	2022-06-30 14:56:46.13298	test	3tr,Opal-users	http://3tr.cnag.crg.dev/api/files/startupload	POST	{"data": {"Comment": "", "fileName": "file_template.tsv", "DatasetID": "test"}}
180	all	2022-06-30 14:58:13.097716	test	3tr,Opal-users	http://3tr.cnag.crg.dev/api/projects/all	POST	{"data": {"search": ""}}
181	all	2022-06-30 14:58:13.136155	test	3tr,Opal-users	http://3tr.cnag.crg.dev/api/projects/all	POST	{"data": {"search": ""}}
182	list	2022-06-30 14:58:16.885258	test	3tr,Opal-users	http://3tr.cnag.crg.dev/api/datasets/list	POST	{"data": {"dataset_id": "", "project_id": "test"}}
183	list	2022-06-30 14:58:17.200398	test	3tr,Opal-users	http://3tr.cnag.crg.dev/api/datasets/list	POST	{"data": {"dataset_id": "", "project_id": "test"}}
184	list	2022-06-30 14:58:17.512273	test	3tr,Opal-users	http://3tr.cnag.crg.dev/api/datasets/list	POST	{"data": {"dataset_id": "", "project_id": "test"}}
185	list	2022-06-30 14:58:17.822648	test	3tr,Opal-users	http://3tr.cnag.crg.dev/api/datasets/list	POST	{"data": {"dataset_id": "", "project_id": "test"}}
186	list	2022-06-30 14:58:18.137975	test	3tr,Opal-users	http://3tr.cnag.crg.dev/api/datasets/list	POST	{"data": {"dataset_id": "", "project_id": "test"}}
191	all	2022-06-30 14:58:27.373009	test	3tr,Opal-users	http://3tr.cnag.crg.dev/api/datasets/all	POST	{"data": {"page": 1, "sorted": [], "filtered": [], "pageSize": 10}}
133	update	2022-06-30 14:41:19.62628	admin	admin	http://3tr.cnag.crg.dev/api/projects/update	POST	{"data": {"field": "logo_url", "value": "https://www.google.com/", "project": "test"}}
134	allnew	2022-06-30 14:41:19.667828	admin	admin	http://3tr.cnag.crg.dev/api/projects/allnew	POST	{"data": {"page": 2, "sorted": [], "filtered": [], "pageSize": 10}}
141	update	2022-06-30 14:41:57.985679	admin	admin	http://3tr.cnag.crg.dev/api/projects/update	POST	{"data": {"field": "dataset_visibility_default", "value": "visible to all", "project": "test"}}
142	allnew	2022-06-30 14:41:58.012581	admin	admin	http://3tr.cnag.crg.dev/api/projects/allnew	POST	{"data": {"page": 3, "sorted": [], "filtered": [], "pageSize": 10}}
150	allnew	2022-06-30 14:42:33.192197	admin	admin	http://3tr.cnag.crg.dev/api/projects/allnew	POST	{"data": {"page": 1, "sorted": [], "filtered": [], "pageSize": 10}}
156	allnew	2022-06-30 14:42:40.861754	admin	admin	http://3tr.cnag.crg.dev/api/projects/allnew	POST	{"data": {"page": 4, "sorted": [], "filtered": [], "pageSize": 10}}
162	allnew	2022-06-30 14:43:03.63879	admin	admin	http://3tr.cnag.crg.dev/api/projects/allnew	POST	{"data": {"page": 1, "sorted": [], "filtered": [], "pageSize": 10}}
167	all	2022-06-30 14:43:37.457311	test	3tr,Opal-users	http://3tr.cnag.crg.dev/api/projects/all	POST	{"data": {"search": ""}}
168	all	2022-06-30 14:43:37.509474	test	3tr,Opal-users	http://3tr.cnag.crg.dev/api/projects/all	POST	{"data": {"search": ""}}
169	submissioncols?arg=disease	2022-06-30 14:43:38.690735	test	3tr,Opal-users	http://3tr.cnag.crg.dev/api/datasets/submissioncols?arg=disease	POST	{"data": {"col_id": "disease", "project_id": "proj12"}}
170	submissioncols?arg=visibility	2022-06-30 14:43:38.720864	test	3tr,Opal-users	http://3tr.cnag.crg.dev/api/datasets/submissioncols?arg=visibility	POST	{"data": {"col_id": "visibility", "project_id": "proj12"}}
171	datasets?arg=create	2022-06-30 14:46:42.291033	test	3tr,Opal-users	http://3tr.cnag.crg.dev/api/datasets?arg=create	POST	{"data": [{"id": "test", "name": "our first dataset", "tags": "tags", "contact": "contact", "disease": "healthy control", "dataType": "Microbiome ", "platform": "Platform1", "treatment": "Drug1", "valueType": "Array", "annotation": "Annotation1", "featuresID": "feature1", "project_id": "proj12", "sampleType": "Tissue", "visibility": "visible to all", "samplesCount": 10, "featuresCount": 100, "molecularInfo": "info1", "additionalInfo": "info", "genomeAssembly": "Assembly1", "healthyControllsIncluded": "True"}, {"id": "test2", "name": "our second dataset", "tags": "tags", "contact": "contact", "disease": "healthy control", "dataType": "Imaging and histology/pathology", "platform": "Platform2", "treatment": "Drug2", "valueType": "Array", "annotation": "Annotation2", "featuresID": "feature2", "project_id": "proj12", "sampleType": "Tissue", "visibility": "visible to all", "samplesCount": 10, "featuresCount": 100, "molecularInfo": "info2", "additionalInfo": "info", "genomeAssembly": "Assembly1", "healthyControllsIncluded": "False"}]}
172	datasets?arg=create	2022-06-30 14:46:51.435746	test	3tr,Opal-users	http://3tr.cnag.crg.dev/api/datasets?arg=create	POST	{"data": [{"id": "test", "name": "our first dataset", "tags": "tags", "contact": "contact", "disease": "healthy control", "dataType": "Microbiome ", "platform": "Platform1", "treatment": "Drug1", "valueType": "Array", "annotation": "Annotation1", "featuresID": "feature1", "project_id": "proj12", "sampleType": "Tissue", "visibility": "visible to all", "samplesCount": 10, "featuresCount": 100, "molecularInfo": "info1", "additionalInfo": "info", "genomeAssembly": "Assembly1", "healthyControllsIncluded": "False"}, {"id": "test2", "name": "our second dataset", "tags": "tags", "contact": "contact", "disease": "healthy control", "dataType": "Imaging and histology/pathology", "platform": "Platform2", "treatment": "Drug2", "valueType": "Array", "annotation": "Annotation2", "featuresID": "feature2", "project_id": "proj12", "sampleType": "Tissue", "visibility": "visible to all", "samplesCount": 10, "featuresCount": 100, "molecularInfo": "info2", "additionalInfo": "info", "genomeAssembly": "Assembly1", "healthyControllsIncluded": "False"}]}
177	datasets?arg=create	2022-06-30 14:56:36.628128	test	3tr,Opal-users	http://3tr.cnag.crg.dev/api/datasets?arg=create	POST	{"data": [{"id": "test", "name": "our first dataset", "tags": "tags", "contact": "contact", "disease": "healthy control", "dataType": "Microbiome ", "platform": "Platform1", "treatment": "Drug1", "valueType": "Array", "annotation": "Annotation1", "featuresID": "feature1", "project_id": "proj12", "sampleType": "Tissue", "visibility": "visible to all", "samplesCount": 10, "featuresCount": 100, "molecularInfo": "info1", "additionalInfo": "info", "genomeAssembly": "Assembly1", "healthyControllsIncluded": true}, {"id": "test2", "name": "our second dataset", "tags": "tags", "contact": "contact", "disease": "healthy control", "dataType": "Imaging and histology/pathology", "platform": "Platform2", "treatment": "Drug2", "valueType": "Array", "annotation": "Annotation2", "featuresID": "feature2", "project_id": "proj12", "sampleType": "Tissue", "visibility": "visible to all", "samplesCount": 10, "featuresCount": 100, "molecularInfo": "info2", "additionalInfo": "info", "genomeAssembly": "Assembly1", "healthyControllsIncluded": false}]}
187	list	2022-06-30 14:58:18.454649	test	3tr,Opal-users	http://3tr.cnag.crg.dev/api/datasets/list	POST	{"data": {"dataset_id": "", "project_id": "test"}}
188	list	2022-06-30 14:58:18.78069	test	3tr,Opal-users	http://3tr.cnag.crg.dev/api/datasets/list	POST	{"data": {"dataset_id": "", "project_id": "test"}}
189	list	2022-06-30 14:58:19.103906	test	3tr,Opal-users	http://3tr.cnag.crg.dev/api/datasets/list	POST	{"data": {"dataset_id": "", "project_id": "test"}}
190	all	2022-06-30 14:58:20.681892	test	3tr,Opal-users	http://3tr.cnag.crg.dev/api/datasets/all	POST	{"data": {"page": 1, "sorted": [], "filtered": [], "pageSize": 10}}
192	all	2022-06-30 14:58:27.956606	test	3tr,Opal-users	http://3tr.cnag.crg.dev/api/projects/all	POST	{"data": {"search": ""}}
193	all	2022-06-30 14:58:27.991765	test	3tr,Opal-users	http://3tr.cnag.crg.dev/api/projects/all	POST	{"data": {"search": ""}}
194	list	2022-06-30 14:58:30.89093	test	3tr,Opal-users	http://3tr.cnag.crg.dev/api/datasets/list	POST	{"data": {"dataset_id": "", "project_id": "proj1"}}
195	list	2022-06-30 14:58:31.199532	test	3tr,Opal-users	http://3tr.cnag.crg.dev/api/datasets/list	POST	{"data": {"dataset_id": "", "project_id": "proj1"}}
196	all	2022-06-30 14:58:33.960996	test	3tr,Opal-users	http://3tr.cnag.crg.dev/api/datasets/all	POST	{"data": {"page": 1, "sorted": [], "filtered": [], "pageSize": 10}}
197	all	2022-06-30 14:58:39.415404	test	3tr,Opal-users	http://3tr.cnag.crg.dev/api/projects/all	POST	{"data": {"search": ""}}
198	all	2022-06-30 14:58:39.447381	test	3tr,Opal-users	http://3tr.cnag.crg.dev/api/projects/all	POST	{"data": {"search": ""}}
199	submissioncols?arg=disease	2022-06-30 14:58:45.667194	test	3tr,Opal-users	http://3tr.cnag.crg.dev/api/datasets/submissioncols?arg=disease	POST	{"data": {"col_id": "disease", "project_id": "proj12"}}
200	submissioncols?arg=visibility	2022-06-30 14:58:45.697786	test	3tr,Opal-users	http://3tr.cnag.crg.dev/api/datasets/submissioncols?arg=visibility	POST	{"data": {"col_id": "visibility", "project_id": "proj12"}}
201	all	2022-06-30 14:58:49.100217	test	3tr,Opal-users	http://3tr.cnag.crg.dev/api/projects/all	POST	{"data": {"search": ""}}
202	all	2022-06-30 14:58:49.146096	test	3tr,Opal-users	http://3tr.cnag.crg.dev/api/projects/all	POST	{"data": {"search": ""}}
203	list	2022-06-30 14:58:51.637583	test	3tr,Opal-users	http://3tr.cnag.crg.dev/api/datasets/list	POST	{"data": {"dataset_id": "", "project_id": "test"}}
204	list	2022-06-30 14:58:51.944848	test	3tr,Opal-users	http://3tr.cnag.crg.dev/api/datasets/list	POST	{"data": {"dataset_id": "", "project_id": "test"}}
205	list	2022-06-30 14:58:52.247178	test	3tr,Opal-users	http://3tr.cnag.crg.dev/api/datasets/list	POST	{"data": {"dataset_id": "", "project_id": "test"}}
206	all	2022-06-30 14:58:56.702553	test	3tr,Opal-users	http://3tr.cnag.crg.dev/api/datasets/all	POST	{"data": {"page": 1, "sorted": [], "filtered": [], "pageSize": 10}}
207	all	2022-06-30 14:58:58.651078	test	3tr,Opal-users	http://3tr.cnag.crg.dev/api/projects/all	POST	{"data": {"search": ""}}
208	all	2022-06-30 14:58:58.682101	test	3tr,Opal-users	http://3tr.cnag.crg.dev/api/projects/all	POST	{"data": {"search": ""}}
209	submissioncols?arg=disease	2022-06-30 14:58:59.626165	test	3tr,Opal-users	http://3tr.cnag.crg.dev/api/datasets/submissioncols?arg=disease	POST	{"data": {"col_id": "disease", "project_id": "test"}}
210	submissioncols?arg=visibility	2022-06-30 14:58:59.652395	test	3tr,Opal-users	http://3tr.cnag.crg.dev/api/datasets/submissioncols?arg=visibility	POST	{"data": {"col_id": "visibility", "project_id": "test"}}
211	datasets?arg=create	2022-06-30 14:59:05.444013	test	3tr,Opal-users	http://3tr.cnag.crg.dev/api/datasets?arg=create	POST	{"data": [{"id": "test", "name": "our first dataset", "tags": "tags", "contact": "contact", "disease": "healthy control", "dataType": "Microbiome ", "platform": "Platform1", "treatment": "Drug1", "valueType": "Array", "annotation": "Annotation1", "featuresID": "feature1", "project_id": "test", "sampleType": "Tissue", "visibility": "visible to all", "samplesCount": 10, "featuresCount": 100, "molecularInfo": "info1", "additionalInfo": "info", "genomeAssembly": "Assembly1", "healthyControllsIncluded": true}, {"id": "test2", "name": "our second dataset", "tags": "tags", "contact": "contact", "disease": "healthy control", "dataType": "Imaging and histology/pathology", "platform": "Platform2", "treatment": "Drug2", "valueType": "Array", "annotation": "Annotation2", "featuresID": "feature2", "project_id": "test", "sampleType": "Tissue", "visibility": "visible to all", "samplesCount": 10, "featuresCount": 100, "molecularInfo": "info2", "additionalInfo": "info", "genomeAssembly": "Assembly1", "healthyControllsIncluded": false}]}
212	list	2022-06-30 14:59:07.448941	test	3tr,Opal-users	http://3tr.cnag.crg.dev/api/datasets/list	POST	{"data": {"dataset_id": "", "project_id": "test"}}
213	startupload	2022-06-30 14:59:14.051023	test	3tr,Opal-users	http://3tr.cnag.crg.dev/api/files/startupload	POST	{"data": {"Comment": "", "fileName": "testfile.tsv", "DatasetID": "test"}}
214	all	2022-07-01 10:35:36.436011	test	3tr,Opal-users	http://3tr.cnag.crg.dev/api/projects/all	POST	{"data": {"search": ""}}
215	all	2022-07-01 10:35:37.007741	test	3tr,Opal-users	http://3tr.cnag.crg.dev/api/projects/all	POST	{"data": {"search": ""}}
216	all	2022-07-01 10:35:37.150404	test	3tr,Opal-users	http://3tr.cnag.crg.dev/api/projects/all	POST	{"data": {"search": ""}}
217	all	2022-07-01 10:35:37.781553	test	3tr,Opal-users	http://3tr.cnag.crg.dev/api/datasets/all	POST	{"data": {"page": 1, "sorted": [], "filtered": [], "pageSize": 10}}
218	all	2022-07-01 10:35:38.745719	test	3tr,Opal-users	http://3tr.cnag.crg.dev/api/projects/all	POST	{"data": {"search": ""}}
219	all	2022-07-01 10:35:38.783675	test	3tr,Opal-users	http://3tr.cnag.crg.dev/api/projects/all	POST	{"data": {"search": ""}}
220	all	2022-07-01 10:36:08.986914	test	3tr,Opal-users	http://3tr.cnag.crg.dev/api/datasets/all	POST	{"data": {"page": 1, "sorted": [], "filtered": [], "pageSize": 10}}
221	all	2022-07-01 10:36:23.38027	test	3tr,Opal-users	http://3tr.cnag.crg.dev/api/projects/all	POST	{"data": {"search": ""}}
222	all	2022-07-01 10:36:23.450143	test	3tr,Opal-users	http://3tr.cnag.crg.dev/api/projects/all	POST	{"data": {"search": ""}}
223	all	2022-07-01 10:36:23.947257	test	3tr,Opal-users	http://3tr.cnag.crg.dev/api/datasets/all	POST	{"data": {"page": 1, "sorted": [], "filtered": [], "pageSize": 10}}
224	all	2022-07-01 10:36:26.875673	test	3tr,Opal-users	http://3tr.cnag.crg.dev/api/datasets/all	POST	{"data": {"page": 1, "sorted": [], "filtered": [], "pageSize": 10}}
225	all	2022-07-01 10:36:38.221784	test	3tr,Opal-users	http://3tr.cnag.crg.dev/api/projects/all	POST	{"data": {"search": ""}}
226	all	2022-07-01 10:36:38.263277	test	3tr,Opal-users	http://3tr.cnag.crg.dev/api/projects/all	POST	{"data": {"search": ""}}
227	all	2022-07-01 10:36:42.833182	test	3tr,Opal-users	http://3tr.cnag.crg.dev/api/datasets/all	POST	{"data": {"page": 1, "sorted": [], "filtered": [], "pageSize": 10}}
228	allnew	2022-07-01 10:55:41.112033	admin	admin	http://3tr.cnag.crg.dev/api/projects/allnew	POST	{"data": {"page": 1, "sorted": [], "filtered": [], "pageSize": 10}}
229	all	2022-07-01 10:55:50.039438	test	3tr,Opal-users	http://3tr.cnag.crg.dev/api/projects/all	POST	{"data": {"search": ""}}
230	all	2022-07-01 10:55:50.120283	test	3tr,Opal-users	http://3tr.cnag.crg.dev/api/projects/all	POST	{"data": {"search": ""}}
231	list	2022-07-01 10:55:51.876751	test	3tr,Opal-users	http://3tr.cnag.crg.dev/api/datasets/list	POST	{"data": {"dataset_id": "", "project_id": "proj12"}}
232	startupload	2022-07-01 10:55:59.322556	test	3tr,Opal-users	http://3tr.cnag.crg.dev/api/files/startupload	POST	{"data": {"Comment": "", "fileName": "testfile.tsv", "DatasetID": "test", "projectId": "proj12"}}
233	files?to_sign=POST%0A%0A%0A%0Ax-amz-date%3AFri%2C%2001%20Jul%202022%2010%3A55%3A59%20GMT%0A%2Fbucketdevel3tropal%2F3tr%2Ftest%2Ftestfile.tsv_uploadedVersion_1.tsv%3Fuploads&datetime=Fri,%2001%20Jul%202022%2010:55:59%20GMT&canonical_request=undefined	2022-07-01 10:55:59.412301	test	3tr,Opal-users	http://3tr.cnag.crg.dev/api/files?to_sign=POST%0A%0A%0A%0Ax-amz-date%3AFri%2C%2001%20Jul%202022%2010%3A55%3A59%20GMT%0A%2Fbucketdevel3tropal%2F3tr%2Ftest%2Ftestfile.tsv_uploadedVersion_1.tsv%3Fuploads&datetime=Fri,%2001%20Jul%202022%2010:55:59%20GMT&canonical_request=undefined	GET	{"data": "empty"}
234	files?to_sign=POST%0A%0A%0A%0Ax-amz-date%3AFri%2C%2001%20Jul%202022%2010%3A55%3A59%20GMT%0A%2Fbucketdevel3tropal%2F3tr%2Ftest%2Ftestfile.tsv_uploadedVersion_1.tsv%3Fuploads&datetime=Fri,%2001%20Jul%202022%2010:55:59%20GMT&canonical_request=undefined	2022-07-01 10:55:59.457985	test	3tr,Opal-users	http://3tr.cnag.crg.dev/api/files?to_sign=POST%0A%0A%0A%0Ax-amz-date%3AFri%2C%2001%20Jul%202022%2010%3A55%3A59%20GMT%0A%2Fbucketdevel3tropal%2F3tr%2Ftest%2Ftestfile.tsv_uploadedVersion_1.tsv%3Fuploads&datetime=Fri,%2001%20Jul%202022%2010:55:59%20GMT&canonical_request=undefined	GET	{"data": "empty"}
235	files?to_sign=POST%0A%0A%0A%0Ax-amz-date%3AFri%2C%2001%20Jul%202022%2010%3A56%3A00%20GMT%0A%2Fbucketdevel3tropal%2F3tr%2Ftest%2Ftestfile.tsv_uploadedVersion_1.tsv%3Fuploads&datetime=Fri,%2001%20Jul%202022%2010:56:00%20GMT&canonical_request=undefined	2022-07-01 10:56:00.504009	test	3tr,Opal-users	http://3tr.cnag.crg.dev/api/files?to_sign=POST%0A%0A%0A%0Ax-amz-date%3AFri%2C%2001%20Jul%202022%2010%3A56%3A00%20GMT%0A%2Fbucketdevel3tropal%2F3tr%2Ftest%2Ftestfile.tsv_uploadedVersion_1.tsv%3Fuploads&datetime=Fri,%2001%20Jul%202022%2010:56:00%20GMT&canonical_request=undefined	GET	{"data": "empty"}
236	files?to_sign=POST%0A%0A%0A%0Ax-amz-date%3AFri%2C%2001%20Jul%202022%2010%3A56%3A02%20GMT%0A%2Fbucketdevel3tropal%2F3tr%2Ftest%2Ftestfile.tsv_uploadedVersion_1.tsv%3Fuploads&datetime=Fri,%2001%20Jul%202022%2010:56:02%20GMT&canonical_request=undefined	2022-07-01 10:56:02.597748	test	3tr,Opal-users	http://3tr.cnag.crg.dev/api/files?to_sign=POST%0A%0A%0A%0Ax-amz-date%3AFri%2C%2001%20Jul%202022%2010%3A56%3A02%20GMT%0A%2Fbucketdevel3tropal%2F3tr%2Ftest%2Ftestfile.tsv_uploadedVersion_1.tsv%3Fuploads&datetime=Fri,%2001%20Jul%202022%2010:56:02%20GMT&canonical_request=undefined	GET	{"data": "empty"}
237	files?to_sign=POST%0A%0A%0A%0Ax-amz-date%3AFri%2C%2001%20Jul%202022%2010%3A56%3A06%20GMT%0A%2Fbucketdevel3tropal%2F3tr%2Ftest%2Ftestfile.tsv_uploadedVersion_1.tsv%3Fuploads&datetime=Fri,%2001%20Jul%202022%2010:56:06%20GMT&canonical_request=undefined	2022-07-01 10:56:06.652544	test	3tr,Opal-users	http://3tr.cnag.crg.dev/api/files?to_sign=POST%0A%0A%0A%0Ax-amz-date%3AFri%2C%2001%20Jul%202022%2010%3A56%3A06%20GMT%0A%2Fbucketdevel3tropal%2F3tr%2Ftest%2Ftestfile.tsv_uploadedVersion_1.tsv%3Fuploads&datetime=Fri,%2001%20Jul%202022%2010:56:06%20GMT&canonical_request=undefined	GET	{"data": "empty"}
238	files?to_sign=POST%0A%0A%0A%0Ax-amz-date%3AFri%2C%2001%20Jul%202022%2010%3A56%3A14%20GMT%0A%2Fbucketdevel3tropal%2F3tr%2Ftest%2Ftestfile.tsv_uploadedVersion_1.tsv%3Fuploads&datetime=Fri,%2001%20Jul%202022%2010:56:14%20GMT&canonical_request=undefined	2022-07-01 10:56:14.773864	test	3tr,Opal-users	http://3tr.cnag.crg.dev/api/files?to_sign=POST%0A%0A%0A%0Ax-amz-date%3AFri%2C%2001%20Jul%202022%2010%3A56%3A14%20GMT%0A%2Fbucketdevel3tropal%2F3tr%2Ftest%2Ftestfile.tsv_uploadedVersion_1.tsv%3Fuploads&datetime=Fri,%2001%20Jul%202022%2010:56:14%20GMT&canonical_request=undefined	GET	{"data": "empty"}
239	files?to_sign=POST%0A%0A%0A%0Ax-amz-date%3AFri%2C%2001%20Jul%202022%2010%3A56%3A30%20GMT%0A%2Fbucketdevel3tropal%2F3tr%2Ftest%2Ftestfile.tsv_uploadedVersion_1.tsv%3Fuploads&datetime=Fri,%2001%20Jul%202022%2010:56:30%20GMT&canonical_request=undefined	2022-07-01 10:56:31.079508	test	3tr,Opal-users	http://3tr.cnag.crg.dev/api/files?to_sign=POST%0A%0A%0A%0Ax-amz-date%3AFri%2C%2001%20Jul%202022%2010%3A56%3A30%20GMT%0A%2Fbucketdevel3tropal%2F3tr%2Ftest%2Ftestfile.tsv_uploadedVersion_1.tsv%3Fuploads&datetime=Fri,%2001%20Jul%202022%2010:56:30%20GMT&canonical_request=undefined	GET	{"data": "empty"}
240	files?to_sign=POST%0A%0A%0A%0Ax-amz-date%3AFri%2C%2001%20Jul%202022%2010%3A57%3A04%20GMT%0A%2Fbucketdevel3tropal%2F3tr%2Ftest%2Ftestfile.tsv_uploadedVersion_1.tsv%3Fuploads&datetime=Fri,%2001%20Jul%202022%2010:57:04%20GMT&canonical_request=undefined	2022-07-01 10:57:04.09135	test	3tr,Opal-users	http://3tr.cnag.crg.dev/api/files?to_sign=POST%0A%0A%0A%0Ax-amz-date%3AFri%2C%2001%20Jul%202022%2010%3A57%3A04%20GMT%0A%2Fbucketdevel3tropal%2F3tr%2Ftest%2Ftestfile.tsv_uploadedVersion_1.tsv%3Fuploads&datetime=Fri,%2001%20Jul%202022%2010:57:04%20GMT&canonical_request=undefined	GET	{"data": "empty"}
241	all	2022-07-01 10:57:55.431717	test	3tr,Opal-users	http://3tr.cnag.crg.dev/api/datasets/all	POST	{"data": {"page": 1, "sorted": [], "filtered": [], "pageSize": 10}}
242	all	2022-07-01 10:57:58.654466	test	3tr,Opal-users	http://3tr.cnag.crg.dev/api/datasets/all	POST	{"data": {"page": 1, "sorted": [], "filtered": [], "pageSize": 10}}
243	all	2022-07-01 12:48:28.646385	admin	admin	http://3tr.cnag.crg.dev/api/projects/all	POST	{"data": {"search": ""}}
244	all	2022-07-01 12:48:29.470546	admin	admin	http://3tr.cnag.crg.dev/api/projects/all	POST	{"data": {"search": ""}}
245	all	2022-07-01 12:48:29.642514	admin	admin	http://3tr.cnag.crg.dev/api/projects/all	POST	{"data": {"search": ""}}
246	all	2022-07-01 12:48:30.298605	admin	admin	http://3tr.cnag.crg.dev/api/datasets/all	POST	{"data": {"page": 1, "sorted": [], "filtered": [], "pageSize": 10}}
247	allnew	2022-07-01 12:48:32.269338	admin	admin	http://3tr.cnag.crg.dev/api/projects/allnew	POST	{"data": {"page": 1, "sorted": [], "filtered": [], "pageSize": 10}}
248	all	2022-07-01 12:48:34.372899	admin	admin	http://3tr.cnag.crg.dev/api/datasets/all	POST	{"data": {"page": 1, "sorted": [], "filtered": [], "pageSize": 10}}
249	view	2022-07-01 12:48:35.985989	admin	admin	http://3tr.cnag.crg.dev/api/files/admin/view	POST	{"data": {"page": 1, "sorted": [], "filtered": [], "pageSize": 10}}
250	all	2022-07-01 12:53:46.581549	admin	admin	http://3tr.cnag.crg.dev/api/datasets/all	POST	{"data": {"page": 1, "sorted": [], "filtered": [], "pageSize": 10}}
251	all	2022-07-01 12:53:49.160179	admin	admin	http://3tr.cnag.crg.dev/api/datasets/all	POST	{"data": {"page": 1, "sorted": [], "filtered": [], "pageSize": 10}}
252	all	2022-07-01 12:53:58.794764	admin	admin	http://3tr.cnag.crg.dev/api/datasets/all	POST	{"data": {"page": 1, "sorted": [], "filtered": [], "pageSize": 10}}
253	view	2022-07-01 12:56:08.834175	admin	admin	http://3tr.cnag.crg.dev/api/files/admin/view	POST	{"data": {"page": 1, "sorted": [], "filtered": [], "pageSize": 10}}
254	view	2022-07-01 12:56:10.65401	admin	admin	http://3tr.cnag.crg.dev/api/files/admin/view	POST	{"data": {"page": 1, "sorted": [], "filtered": [], "pageSize": 10}}
255	view	2022-07-01 13:59:10.488938	admin	admin	http://3tr.cnag.crg.dev/api/files/admin/view	POST	{"data": {"page": 1, "sorted": [], "filtered": [], "pageSize": 10}}
256	view	2022-07-01 14:18:39.677166	admin	admin	http://3tr.cnag.crg.dev/api/files/admin/view	POST	{"data": {"page": 1, "sorted": [], "filtered": [], "pageSize": 10}}
257	view	2022-07-01 14:18:41.569689	admin	admin	http://3tr.cnag.crg.dev/api/files/admin/view	POST	{"data": {"page": 1, "sorted": [], "filtered": [], "pageSize": 10}}
258	all	2022-07-01 14:18:55.639199	admin	admin	http://3tr.cnag.crg.dev/api/datasets/all	POST	{"data": {"page": 1, "sorted": [], "filtered": [], "pageSize": 10}}
259	all	2022-07-01 14:18:59.125368	admin	admin	http://3tr.cnag.crg.dev/api/datasets/all	POST	{"data": {"page": 1, "sorted": [], "filtered": [], "pageSize": 10}}
260	all	2022-07-01 14:19:01.694342	admin	admin	http://3tr.cnag.crg.dev/api/datasets/all	POST	{"data": {"page": 1, "sorted": [], "filtered": [], "pageSize": 10}}
261	all	2022-07-01 14:21:28.451914	admin	admin	http://3tr.cnag.crg.dev/api/datasets/all	POST	{"data": {"page": 1, "sorted": [], "filtered": [], "pageSize": 10}}
262	all	2022-07-01 14:21:39.537933	admin	admin	http://3tr.cnag.crg.dev/api/datasets/all	POST	{"data": {"page": 1, "sorted": [], "filtered": [], "pageSize": 10}}
263	all	2022-07-01 14:22:08.377611	admin	admin	http://3tr.cnag.crg.dev/api/projects/all	POST	{"data": {"search": ""}}
264	all	2022-07-01 14:22:08.405865	admin	admin	http://3tr.cnag.crg.dev/api/projects/all	POST	{"data": {"search": ""}}
265	all	2022-07-01 14:22:09.096999	admin	admin	http://3tr.cnag.crg.dev/api/datasets/all	POST	{"data": {"page": 1, "sorted": [], "filtered": [], "pageSize": 10}}
266	all	2022-07-01 14:22:11.846041	admin	admin	http://3tr.cnag.crg.dev/api/datasets/all	POST	{"data": {"page": 1, "sorted": [], "filtered": [], "pageSize": 10}}
267	allnew	2022-07-01 14:47:04.311896	admin	admin	http://3tr.cnag.crg.dev/api/projects/allnew	POST	{"data": {"page": 1, "sorted": [], "filtered": [], "pageSize": 10}}
268	view	2022-07-01 14:47:06.662543	admin	admin	http://3tr.cnag.crg.dev/api/datasets/admin/view	POST	{"data": {"page": 1, "sorted": [], "filtered": [], "pageSize": 10}}
269	all	2022-07-01 14:47:50.903355	admin	admin	http://3tr.cnag.crg.dev/api/datasets/all	POST	{"data": {"page": 1, "sorted": [], "filtered": [], "pageSize": 10}}
270	all	2022-07-01 14:47:54.002063	admin	admin	http://3tr.cnag.crg.dev/api/datasets/all	POST	{"data": {"page": 1, "sorted": [], "filtered": [], "pageSize": 10}}
271	all	2022-07-01 14:47:59.893666	admin	admin	http://3tr.cnag.crg.dev/api/projects/all	POST	{"data": {"search": ""}}
272	all	2022-07-01 14:47:59.923706	admin	admin	http://3tr.cnag.crg.dev/api/projects/all	POST	{"data": {"search": ""}}
273	all	2022-07-01 14:48:01.050332	admin	admin	http://3tr.cnag.crg.dev/api/datasets/all	POST	{"data": {"page": 1, "sorted": [], "filtered": [], "pageSize": 10}}
274	allnew	2022-07-01 14:48:09.262052	admin	admin	http://3tr.cnag.crg.dev/api/projects/allnew	POST	{"data": {"page": 1, "sorted": [], "filtered": [], "pageSize": 10}}
275	view	2022-07-01 14:48:25.776918	admin	admin	http://3tr.cnag.crg.dev/api/files/admin/view	POST	{"data": {"page": 1, "sorted": [], "filtered": [], "pageSize": 10}}
276	all	2022-07-01 14:49:06.467251	admin	admin	http://3tr.cnag.crg.dev/api/projects/all	POST	{"data": {"search": ""}}
277	all	2022-07-01 14:49:06.51114	admin	admin	http://3tr.cnag.crg.dev/api/projects/all	POST	{"data": {"search": ""}}
278	all	2022-07-01 14:49:19.770349	test	3tr,Opal-users	http://3tr.cnag.crg.dev/api/projects/all	POST	{"data": {"search": ""}}
279	all	2022-07-01 14:49:19.81751	test	3tr,Opal-users	http://3tr.cnag.crg.dev/api/projects/all	POST	{"data": {"search": ""}}
280	list	2022-07-01 14:49:22.742439	test	3tr,Opal-users	http://3tr.cnag.crg.dev/api/datasets/list	POST	{"data": {"dataset_id": "", "project_id": "proj12"}}
281	startupload	2022-07-01 14:49:28.704105	test	3tr,Opal-users	http://3tr.cnag.crg.dev/api/files/startupload	POST	{"data": {"Comment": "", "fileName": "testfile.csv", "DatasetID": "test", "projectId": "proj12"}}
282	files?to_sign=POST%0A%0A%0A%0Ax-amz-date%3AFri%2C%2001%20Jul%202022%2014%3A49%3A28%20GMT%0A%2Fbucketdevel3tropal%2F3tr%2Ftest%2Ftestfile.csv_uploadedVersion_1.csv%3Fuploads&datetime=Fri,%2001%20Jul%202022%2014:49:28%20GMT&canonical_request=undefined	2022-07-01 14:49:28.745767	test	3tr,Opal-users	http://3tr.cnag.crg.dev/api/files?to_sign=POST%0A%0A%0A%0Ax-amz-date%3AFri%2C%2001%20Jul%202022%2014%3A49%3A28%20GMT%0A%2Fbucketdevel3tropal%2F3tr%2Ftest%2Ftestfile.csv_uploadedVersion_1.csv%3Fuploads&datetime=Fri,%2001%20Jul%202022%2014:49:28%20GMT&canonical_request=undefined	GET	{"data": "empty"}
283	files?to_sign=POST%0A%0A%0A%0Ax-amz-date%3AFri%2C%2001%20Jul%202022%2014%3A49%3A28%20GMT%0A%2Fbucketdevel3tropal%2F3tr%2Ftest%2Ftestfile.csv_uploadedVersion_1.csv%3Fuploads&datetime=Fri,%2001%20Jul%202022%2014:49:28%20GMT&canonical_request=undefined	2022-07-01 14:49:28.786489	test	3tr,Opal-users	http://3tr.cnag.crg.dev/api/files?to_sign=POST%0A%0A%0A%0Ax-amz-date%3AFri%2C%2001%20Jul%202022%2014%3A49%3A28%20GMT%0A%2Fbucketdevel3tropal%2F3tr%2Ftest%2Ftestfile.csv_uploadedVersion_1.csv%3Fuploads&datetime=Fri,%2001%20Jul%202022%2014:49:28%20GMT&canonical_request=undefined	GET	{"data": "empty"}
284	files?to_sign=POST%0A%0A%0A%0Ax-amz-date%3AFri%2C%2001%20Jul%202022%2014%3A49%3A29%20GMT%0A%2Fbucketdevel3tropal%2F3tr%2Ftest%2Ftestfile.csv_uploadedVersion_1.csv%3Fuploads&datetime=Fri,%2001%20Jul%202022%2014:49:29%20GMT&canonical_request=undefined	2022-07-01 14:49:29.815009	test	3tr,Opal-users	http://3tr.cnag.crg.dev/api/files?to_sign=POST%0A%0A%0A%0Ax-amz-date%3AFri%2C%2001%20Jul%202022%2014%3A49%3A29%20GMT%0A%2Fbucketdevel3tropal%2F3tr%2Ftest%2Ftestfile.csv_uploadedVersion_1.csv%3Fuploads&datetime=Fri,%2001%20Jul%202022%2014:49:29%20GMT&canonical_request=undefined	GET	{"data": "empty"}
285	files?to_sign=POST%0A%0A%0A%0Ax-amz-date%3AFri%2C%2001%20Jul%202022%2014%3A49%3A31%20GMT%0A%2Fbucketdevel3tropal%2F3tr%2Ftest%2Ftestfile.csv_uploadedVersion_1.csv%3Fuploads&datetime=Fri,%2001%20Jul%202022%2014:49:31%20GMT&canonical_request=undefined	2022-07-01 14:49:31.882787	test	3tr,Opal-users	http://3tr.cnag.crg.dev/api/files?to_sign=POST%0A%0A%0A%0Ax-amz-date%3AFri%2C%2001%20Jul%202022%2014%3A49%3A31%20GMT%0A%2Fbucketdevel3tropal%2F3tr%2Ftest%2Ftestfile.csv_uploadedVersion_1.csv%3Fuploads&datetime=Fri,%2001%20Jul%202022%2014:49:31%20GMT&canonical_request=undefined	GET	{"data": "empty"}
286	files?to_sign=POST%0A%0A%0A%0Ax-amz-date%3AFri%2C%2001%20Jul%202022%2014%3A49%3A36%20GMT%0A%2Fbucketdevel3tropal%2F3tr%2Ftest%2Ftestfile.csv_uploadedVersion_1.csv%3Fuploads&datetime=Fri,%2001%20Jul%202022%2014:49:36%20GMT&canonical_request=undefined	2022-07-01 14:49:36.830493	test	3tr,Opal-users	http://3tr.cnag.crg.dev/api/files?to_sign=POST%0A%0A%0A%0Ax-amz-date%3AFri%2C%2001%20Jul%202022%2014%3A49%3A36%20GMT%0A%2Fbucketdevel3tropal%2F3tr%2Ftest%2Ftestfile.csv_uploadedVersion_1.csv%3Fuploads&datetime=Fri,%2001%20Jul%202022%2014:49:36%20GMT&canonical_request=undefined	GET	{"data": "empty"}
287	files?to_sign=POST%0A%0A%0A%0Ax-amz-date%3AFri%2C%2001%20Jul%202022%2014%3A49%3A45%20GMT%0A%2Fbucketdevel3tropal%2F3tr%2Ftest%2Ftestfile.csv_uploadedVersion_1.csv%3Fuploads&datetime=Fri,%2001%20Jul%202022%2014:49:45%20GMT&canonical_request=undefined	2022-07-01 14:49:45.893209	test	3tr,Opal-users	http://3tr.cnag.crg.dev/api/files?to_sign=POST%0A%0A%0A%0Ax-amz-date%3AFri%2C%2001%20Jul%202022%2014%3A49%3A45%20GMT%0A%2Fbucketdevel3tropal%2F3tr%2Ftest%2Ftestfile.csv_uploadedVersion_1.csv%3Fuploads&datetime=Fri,%2001%20Jul%202022%2014:49:45%20GMT&canonical_request=undefined	GET	{"data": "empty"}
288	files?to_sign=POST%0A%0A%0A%0Ax-amz-date%3AFri%2C%2001%20Jul%202022%2014%3A50%3A01%20GMT%0A%2Fbucketdevel3tropal%2F3tr%2Ftest%2Ftestfile.csv_uploadedVersion_1.csv%3Fuploads&datetime=Fri,%2001%20Jul%202022%2014:50:01%20GMT&canonical_request=undefined	2022-07-01 14:50:01.98808	test	3tr,Opal-users	http://3tr.cnag.crg.dev/api/files?to_sign=POST%0A%0A%0A%0Ax-amz-date%3AFri%2C%2001%20Jul%202022%2014%3A50%3A01%20GMT%0A%2Fbucketdevel3tropal%2F3tr%2Ftest%2Ftestfile.csv_uploadedVersion_1.csv%3Fuploads&datetime=Fri,%2001%20Jul%202022%2014:50:01%20GMT&canonical_request=undefined	GET	{"data": "empty"}
289	files?to_sign=POST%0A%0A%0A%0Ax-amz-date%3AFri%2C%2001%20Jul%202022%2014%3A50%3A34%20GMT%0A%2Fbucketdevel3tropal%2F3tr%2Ftest%2Ftestfile.csv_uploadedVersion_1.csv%3Fuploads&datetime=Fri,%2001%20Jul%202022%2014:50:34%20GMT&canonical_request=undefined	2022-07-01 14:50:34.089279	test	3tr,Opal-users	http://3tr.cnag.crg.dev/api/files?to_sign=POST%0A%0A%0A%0Ax-amz-date%3AFri%2C%2001%20Jul%202022%2014%3A50%3A34%20GMT%0A%2Fbucketdevel3tropal%2F3tr%2Ftest%2Ftestfile.csv_uploadedVersion_1.csv%3Fuploads&datetime=Fri,%2001%20Jul%202022%2014:50:34%20GMT&canonical_request=undefined	GET	{"data": "empty"}
291	files?to_sign=POST%0A%0A%0A%0Ax-amz-date%3AFri%2C%2001%20Jul%202022%2014%3A53%3A46%20GMT%0A%2Fbucketdevel3tropal%2F3tr%2Ftest%2Ftestfile.csv_uploadedVersion_1.csv%3Fuploads&datetime=Fri,%2001%20Jul%202022%2014:53:46%20GMT&canonical_request=undefined	2022-07-01 14:53:46.6321	test	3tr,Opal-users	http://3tr.cnag.crg.dev/api/files?to_sign=POST%0A%0A%0A%0Ax-amz-date%3AFri%2C%2001%20Jul%202022%2014%3A53%3A46%20GMT%0A%2Fbucketdevel3tropal%2F3tr%2Ftest%2Ftestfile.csv_uploadedVersion_1.csv%3Fuploads&datetime=Fri,%2001%20Jul%202022%2014:53:46%20GMT&canonical_request=undefined	GET	{"data": "empty"}
292	files?to_sign=POST%0A%0A%0A%0Ax-amz-date%3AFri%2C%2001%20Jul%202022%2014%3A58%3A02%20GMT%0A%2Fbucketdevel3tropal%2F3tr%2Ftest%2Ftestfile.csv_uploadedVersion_1.csv%3Fuploads&datetime=Fri,%2001%20Jul%202022%2014:58:02%20GMT&canonical_request=undefined	2022-07-01 14:58:02.712884	test	3tr,Opal-users	http://3tr.cnag.crg.dev/api/files?to_sign=POST%0A%0A%0A%0Ax-amz-date%3AFri%2C%2001%20Jul%202022%2014%3A58%3A02%20GMT%0A%2Fbucketdevel3tropal%2F3tr%2Ftest%2Ftestfile.csv_uploadedVersion_1.csv%3Fuploads&datetime=Fri,%2001%20Jul%202022%2014:58:02%20GMT&canonical_request=undefined	GET	{"data": "empty"}
293	files?to_sign=POST%0A%0A%0A%0Ax-amz-date%3AFri%2C%2001%20Jul%202022%2015%3A03%3A02%20GMT%0A%2Fbucketdevel3tropal%2F3tr%2Ftest%2Ftestfile.csv_uploadedVersion_1.csv%3Fuploads&datetime=Fri,%2001%20Jul%202022%2015:03:02%20GMT&canonical_request=undefined	2022-07-01 15:03:02.768603	test	3tr,Opal-users	http://3tr.cnag.crg.dev/api/files?to_sign=POST%0A%0A%0A%0Ax-amz-date%3AFri%2C%2001%20Jul%202022%2015%3A03%3A02%20GMT%0A%2Fbucketdevel3tropal%2F3tr%2Ftest%2Ftestfile.csv_uploadedVersion_1.csv%3Fuploads&datetime=Fri,%2001%20Jul%202022%2015:03:02%20GMT&canonical_request=undefined	GET	{"data": "empty"}
290	files?to_sign=POST%0A%0A%0A%0Ax-amz-date%3AFri%2C%2001%20Jul%202022%2014%3A51%3A38%20GMT%0A%2Fbucketdevel3tropal%2F3tr%2Ftest%2Ftestfile.csv_uploadedVersion_1.csv%3Fuploads&datetime=Fri,%2001%20Jul%202022%2014:51:38%20GMT&canonical_request=undefined	2022-07-01 14:51:38.258396	test	3tr,Opal-users	http://3tr.cnag.crg.dev/api/files?to_sign=POST%0A%0A%0A%0Ax-amz-date%3AFri%2C%2001%20Jul%202022%2014%3A51%3A38%20GMT%0A%2Fbucketdevel3tropal%2F3tr%2Ftest%2Ftestfile.csv_uploadedVersion_1.csv%3Fuploads&datetime=Fri,%2001%20Jul%202022%2014:51:38%20GMT&canonical_request=undefined	GET	{"data": "empty"}
294	all	2022-07-01 15:07:45.472851	test	3tr,Opal-users	http://3tr.cnag.crg.dev/api/projects/all	POST	{"data": {"search": ""}}
295	all	2022-07-01 15:07:45.557204	test	3tr,Opal-users	http://3tr.cnag.crg.dev/api/projects/all	POST	{"data": {"search": ""}}
296	submissioncols?arg=disease	2022-07-01 15:07:46.529049	test	3tr,Opal-users	http://3tr.cnag.crg.dev/api/datasets/submissioncols?arg=disease	POST	{"data": {"col_id": "disease", "project_id": "proj12"}}
297	submissioncols?arg=visibility	2022-07-01 15:07:46.573984	test	3tr,Opal-users	http://3tr.cnag.crg.dev/api/datasets/submissioncols?arg=visibility	POST	{"data": {"col_id": "visibility", "project_id": "proj12"}}
298	all	2022-07-01 15:07:48.456731	test	3tr,Opal-users	http://3tr.cnag.crg.dev/api/projects/all	POST	{"data": {"search": ""}}
299	all	2022-07-01 15:07:48.490371	test	3tr,Opal-users	http://3tr.cnag.crg.dev/api/projects/all	POST	{"data": {"search": ""}}
300	list	2022-07-01 15:07:51.451834	test	3tr,Opal-users	http://3tr.cnag.crg.dev/api/datasets/list	POST	{"data": {"dataset_id": "", "project_id": "proj12"}}
301	files?to_sign=POST%0A%0A%0A%0Ax-amz-date%3AFri%2C%2001%20Jul%202022%2015%3A08%3A02%20GMT%0A%2Fbucketdevel3tropal%2F3tr%2Ftest%2Ftestfile.csv_uploadedVersion_1.csv%3Fuploads&datetime=Fri,%2001%20Jul%202022%2015:08:02%20GMT&canonical_request=undefined	2022-07-01 15:08:03.023416	test	3tr,Opal-users	http://3tr.cnag.crg.dev/api/files?to_sign=POST%0A%0A%0A%0Ax-amz-date%3AFri%2C%2001%20Jul%202022%2015%3A08%3A02%20GMT%0A%2Fbucketdevel3tropal%2F3tr%2Ftest%2Ftestfile.csv_uploadedVersion_1.csv%3Fuploads&datetime=Fri,%2001%20Jul%202022%2015:08:02%20GMT&canonical_request=undefined	GET	{"data": "empty"}
302	startupload	2022-07-01 15:08:09.611712	test	3tr,Opal-users	http://3tr.cnag.crg.dev/api/files/startupload	POST	{"data": {"Comment": "", "fileName": "testfile.csv", "DatasetID": "test", "projectId": "proj12"}}
303	files?to_sign=POST%0A%0A%0A%0Ax-amz-date%3AFri%2C%2001%20Jul%202022%2015%3A08%3A09%20GMT%0A%2Fbucketdevel3tropal%2F3tr%2Ftest%2Ftestfile.csv_uploadedVersion_1.csv%3Fuploads&datetime=Fri,%2001%20Jul%202022%2015:08:09%20GMT&canonical_request=undefined	2022-07-01 15:08:09.649556	test	3tr,Opal-users	http://3tr.cnag.crg.dev/api/files?to_sign=POST%0A%0A%0A%0Ax-amz-date%3AFri%2C%2001%20Jul%202022%2015%3A08%3A09%20GMT%0A%2Fbucketdevel3tropal%2F3tr%2Ftest%2Ftestfile.csv_uploadedVersion_1.csv%3Fuploads&datetime=Fri,%2001%20Jul%202022%2015:08:09%20GMT&canonical_request=undefined	GET	{"data": "empty"}
304	files?to_sign=POST%0A%0A%0A%0Ax-amz-date%3AFri%2C%2001%20Jul%202022%2015%3A08%3A09%20GMT%0A%2Fbucketdevel3tropal%2F3tr%2Ftest%2Ftestfile.csv_uploadedVersion_1.csv%3Fuploads&datetime=Fri,%2001%20Jul%202022%2015:08:09%20GMT&canonical_request=undefined	2022-07-01 15:08:09.683182	test	3tr,Opal-users	http://3tr.cnag.crg.dev/api/files?to_sign=POST%0A%0A%0A%0Ax-amz-date%3AFri%2C%2001%20Jul%202022%2015%3A08%3A09%20GMT%0A%2Fbucketdevel3tropal%2F3tr%2Ftest%2Ftestfile.csv_uploadedVersion_1.csv%3Fuploads&datetime=Fri,%2001%20Jul%202022%2015:08:09%20GMT&canonical_request=undefined	GET	{"data": "empty"}
305	files?to_sign=POST%0A%0A%0A%0Ax-amz-date%3AFri%2C%2001%20Jul%202022%2015%3A08%3A10%20GMT%0A%2Fbucketdevel3tropal%2F3tr%2Ftest%2Ftestfile.csv_uploadedVersion_1.csv%3Fuploads&datetime=Fri,%2001%20Jul%202022%2015:08:10%20GMT&canonical_request=undefined	2022-07-01 15:08:10.712678	test	3tr,Opal-users	http://3tr.cnag.crg.dev/api/files?to_sign=POST%0A%0A%0A%0Ax-amz-date%3AFri%2C%2001%20Jul%202022%2015%3A08%3A10%20GMT%0A%2Fbucketdevel3tropal%2F3tr%2Ftest%2Ftestfile.csv_uploadedVersion_1.csv%3Fuploads&datetime=Fri,%2001%20Jul%202022%2015:08:10%20GMT&canonical_request=undefined	GET	{"data": "empty"}
306	files?to_sign=POST%0A%0A%0A%0Ax-amz-date%3AFri%2C%2001%20Jul%202022%2015%3A08%3A12%20GMT%0A%2Fbucketdevel3tropal%2F3tr%2Ftest%2Ftestfile.csv_uploadedVersion_1.csv%3Fuploads&datetime=Fri,%2001%20Jul%202022%2015:08:12%20GMT&canonical_request=undefined	2022-07-01 15:08:12.748538	test	3tr,Opal-users	http://3tr.cnag.crg.dev/api/files?to_sign=POST%0A%0A%0A%0Ax-amz-date%3AFri%2C%2001%20Jul%202022%2015%3A08%3A12%20GMT%0A%2Fbucketdevel3tropal%2F3tr%2Ftest%2Ftestfile.csv_uploadedVersion_1.csv%3Fuploads&datetime=Fri,%2001%20Jul%202022%2015:08:12%20GMT&canonical_request=undefined	GET	{"data": "empty"}
307	files?to_sign=POST%0A%0A%0A%0Ax-amz-date%3AFri%2C%2001%20Jul%202022%2015%3A08%3A16%20GMT%0A%2Fbucketdevel3tropal%2F3tr%2Ftest%2Ftestfile.csv_uploadedVersion_1.csv%3Fuploads&datetime=Fri,%2001%20Jul%202022%2015:08:16%20GMT&canonical_request=undefined	2022-07-01 15:08:16.801694	test	3tr,Opal-users	http://3tr.cnag.crg.dev/api/files?to_sign=POST%0A%0A%0A%0Ax-amz-date%3AFri%2C%2001%20Jul%202022%2015%3A08%3A16%20GMT%0A%2Fbucketdevel3tropal%2F3tr%2Ftest%2Ftestfile.csv_uploadedVersion_1.csv%3Fuploads&datetime=Fri,%2001%20Jul%202022%2015:08:16%20GMT&canonical_request=undefined	GET	{"data": "empty"}
308	files?to_sign=POST%0A%0A%0A%0Ax-amz-date%3AFri%2C%2001%20Jul%202022%2015%3A08%3A25%20GMT%0A%2Fbucketdevel3tropal%2F3tr%2Ftest%2Ftestfile.csv_uploadedVersion_1.csv%3Fuploads&datetime=Fri,%2001%20Jul%202022%2015:08:25%20GMT&canonical_request=undefined	2022-07-01 15:08:25.486907	test	3tr,Opal-users	http://3tr.cnag.crg.dev/api/files?to_sign=POST%0A%0A%0A%0Ax-amz-date%3AFri%2C%2001%20Jul%202022%2015%3A08%3A25%20GMT%0A%2Fbucketdevel3tropal%2F3tr%2Ftest%2Ftestfile.csv_uploadedVersion_1.csv%3Fuploads&datetime=Fri,%2001%20Jul%202022%2015:08:25%20GMT&canonical_request=undefined	GET	{"data": "empty"}
309	files?to_sign=POST%0A%0A%0A%0Ax-amz-date%3AFri%2C%2001%20Jul%202022%2015%3A08%3A42%20GMT%0A%2Fbucketdevel3tropal%2F3tr%2Ftest%2Ftestfile.csv_uploadedVersion_1.csv%3Fuploads&datetime=Fri,%2001%20Jul%202022%2015:08:42%20GMT&canonical_request=undefined	2022-07-01 15:08:42.537576	test	3tr,Opal-users	http://3tr.cnag.crg.dev/api/files?to_sign=POST%0A%0A%0A%0Ax-amz-date%3AFri%2C%2001%20Jul%202022%2015%3A08%3A42%20GMT%0A%2Fbucketdevel3tropal%2F3tr%2Ftest%2Ftestfile.csv_uploadedVersion_1.csv%3Fuploads&datetime=Fri,%2001%20Jul%202022%2015:08:42%20GMT&canonical_request=undefined	GET	{"data": "empty"}
310	startupload	2022-07-01 15:09:01.314852	test	3tr,Opal-users	http://3tr.cnag.crg.dev/api/files/startupload	POST	{"data": {"Comment": "", "fileName": "testfile.csv", "DatasetID": "test", "projectId": "proj12"}}
311	files?to_sign=POST%0A%0A%0A%0Ax-amz-date%3AFri%2C%2001%20Jul%202022%2015%3A09%3A01%20GMT%0A%2Fbucketdevel3tropal%2F3tr%2Ftest%2Ftestfile.csv_uploadedVersion_1.csv%3Fuploads&datetime=Fri,%2001%20Jul%202022%2015:09:01%20GMT&canonical_request=undefined	2022-07-01 15:09:01.350542	test	3tr,Opal-users	http://3tr.cnag.crg.dev/api/files?to_sign=POST%0A%0A%0A%0Ax-amz-date%3AFri%2C%2001%20Jul%202022%2015%3A09%3A01%20GMT%0A%2Fbucketdevel3tropal%2F3tr%2Ftest%2Ftestfile.csv_uploadedVersion_1.csv%3Fuploads&datetime=Fri,%2001%20Jul%202022%2015:09:01%20GMT&canonical_request=undefined	GET	{"data": "empty"}
312	files?to_sign=POST%0A%0A%0A%0Ax-amz-date%3AFri%2C%2001%20Jul%202022%2015%3A09%3A01%20GMT%0A%2Fbucketdevel3tropal%2F3tr%2Ftest%2Ftestfile.csv_uploadedVersion_1.csv%3Fuploads&datetime=Fri,%2001%20Jul%202022%2015:09:01%20GMT&canonical_request=undefined	2022-07-01 15:09:01.425817	test	3tr,Opal-users	http://3tr.cnag.crg.dev/api/files?to_sign=POST%0A%0A%0A%0Ax-amz-date%3AFri%2C%2001%20Jul%202022%2015%3A09%3A01%20GMT%0A%2Fbucketdevel3tropal%2F3tr%2Ftest%2Ftestfile.csv_uploadedVersion_1.csv%3Fuploads&datetime=Fri,%2001%20Jul%202022%2015:09:01%20GMT&canonical_request=undefined	GET	{"data": "empty"}
313	files?to_sign=POST%0A%0A%0A%0Ax-amz-date%3AFri%2C%2001%20Jul%202022%2015%3A09%3A02%20GMT%0A%2Fbucketdevel3tropal%2F3tr%2Ftest%2Ftestfile.csv_uploadedVersion_1.csv%3Fuploads&datetime=Fri,%2001%20Jul%202022%2015:09:02%20GMT&canonical_request=undefined	2022-07-01 15:09:02.511691	test	3tr,Opal-users	http://3tr.cnag.crg.dev/api/files?to_sign=POST%0A%0A%0A%0Ax-amz-date%3AFri%2C%2001%20Jul%202022%2015%3A09%3A02%20GMT%0A%2Fbucketdevel3tropal%2F3tr%2Ftest%2Ftestfile.csv_uploadedVersion_1.csv%3Fuploads&datetime=Fri,%2001%20Jul%202022%2015:09:02%20GMT&canonical_request=undefined	GET	{"data": "empty"}
314	files?to_sign=POST%0A%0A%0A%0Ax-amz-date%3AFri%2C%2001%20Jul%202022%2015%3A09%3A04%20GMT%0A%2Fbucketdevel3tropal%2F3tr%2Ftest%2Ftestfile.csv_uploadedVersion_1.csv%3Fuploads&datetime=Fri,%2001%20Jul%202022%2015:09:04%20GMT&canonical_request=undefined	2022-07-01 15:09:04.577523	test	3tr,Opal-users	http://3tr.cnag.crg.dev/api/files?to_sign=POST%0A%0A%0A%0Ax-amz-date%3AFri%2C%2001%20Jul%202022%2015%3A09%3A04%20GMT%0A%2Fbucketdevel3tropal%2F3tr%2Ftest%2Ftestfile.csv_uploadedVersion_1.csv%3Fuploads&datetime=Fri,%2001%20Jul%202022%2015:09:04%20GMT&canonical_request=undefined	GET	{"data": "empty"}
315	files?to_sign=POST%0A%0A%0A%0Ax-amz-date%3AFri%2C%2001%20Jul%202022%2015%3A09%3A08%20GMT%0A%2Fbucketdevel3tropal%2F3tr%2Ftest%2Ftestfile.csv_uploadedVersion_1.csv%3Fuploads&datetime=Fri,%2001%20Jul%202022%2015:09:08%20GMT&canonical_request=undefined	2022-07-01 15:09:08.652401	test	3tr,Opal-users	http://3tr.cnag.crg.dev/api/files?to_sign=POST%0A%0A%0A%0Ax-amz-date%3AFri%2C%2001%20Jul%202022%2015%3A09%3A08%20GMT%0A%2Fbucketdevel3tropal%2F3tr%2Ftest%2Ftestfile.csv_uploadedVersion_1.csv%3Fuploads&datetime=Fri,%2001%20Jul%202022%2015:09:08%20GMT&canonical_request=undefined	GET	{"data": "empty"}
317	files?to_sign=POST%0A%0A%0A%0Ax-amz-date%3AFri%2C%2001%20Jul%202022%2015%3A09%3A17%20GMT%0A%2Fbucketdevel3tropal%2F3tr%2Ftest%2Ftestfile.csv_uploadedVersion_1.csv%3Fuploads&datetime=Fri,%2001%20Jul%202022%2015:09:17%20GMT&canonical_request=undefined	2022-07-01 15:09:17.568067	test	3tr,Opal-users	http://3tr.cnag.crg.dev/api/files?to_sign=POST%0A%0A%0A%0Ax-amz-date%3AFri%2C%2001%20Jul%202022%2015%3A09%3A17%20GMT%0A%2Fbucketdevel3tropal%2F3tr%2Ftest%2Ftestfile.csv_uploadedVersion_1.csv%3Fuploads&datetime=Fri,%2001%20Jul%202022%2015:09:17%20GMT&canonical_request=undefined	GET	{"data": "empty"}
318	files?to_sign=POST%0A%0A%0A%0Ax-amz-date%3AFri%2C%2001%20Jul%202022%2015%3A09%3A34%20GMT%0A%2Fbucketdevel3tropal%2F3tr%2Ftest%2Ftestfile.csv_uploadedVersion_1.csv%3Fuploads&datetime=Fri,%2001%20Jul%202022%2015:09:34%20GMT&canonical_request=undefined	2022-07-01 15:09:34.599278	test	3tr,Opal-users	http://3tr.cnag.crg.dev/api/files?to_sign=POST%0A%0A%0A%0Ax-amz-date%3AFri%2C%2001%20Jul%202022%2015%3A09%3A34%20GMT%0A%2Fbucketdevel3tropal%2F3tr%2Ftest%2Ftestfile.csv_uploadedVersion_1.csv%3Fuploads&datetime=Fri,%2001%20Jul%202022%2015:09:34%20GMT&canonical_request=undefined	GET	{"data": "empty"}
319	files?to_sign=POST%0A%0A%0A%0Ax-amz-date%3AFri%2C%2001%20Jul%202022%2015%3A10%3A06%20GMT%0A%2Fbucketdevel3tropal%2F3tr%2Ftest%2Ftestfile.csv_uploadedVersion_1.csv%3Fuploads&datetime=Fri,%2001%20Jul%202022%2015:10:06%20GMT&canonical_request=undefined	2022-07-01 15:10:06.717512	test	3tr,Opal-users	http://3tr.cnag.crg.dev/api/files?to_sign=POST%0A%0A%0A%0Ax-amz-date%3AFri%2C%2001%20Jul%202022%2015%3A10%3A06%20GMT%0A%2Fbucketdevel3tropal%2F3tr%2Ftest%2Ftestfile.csv_uploadedVersion_1.csv%3Fuploads&datetime=Fri,%2001%20Jul%202022%2015:10:06%20GMT&canonical_request=undefined	GET	{"data": "empty"}
320	files?to_sign=POST%0A%0A%0A%0Ax-amz-date%3AFri%2C%2001%20Jul%202022%2015%3A10%3A19%20GMT%0A%2Fbucketdevel3tropal%2F3tr%2Ftest%2Ftestfile.csv_uploadedVersion_1.csv%3Fuploads&datetime=Fri,%2001%20Jul%202022%2015:10:19%20GMT&canonical_request=undefined	2022-07-01 15:10:19.397028	test	3tr,Opal-users	http://3tr.cnag.crg.dev/api/files?to_sign=POST%0A%0A%0A%0Ax-amz-date%3AFri%2C%2001%20Jul%202022%2015%3A10%3A19%20GMT%0A%2Fbucketdevel3tropal%2F3tr%2Ftest%2Ftestfile.csv_uploadedVersion_1.csv%3Fuploads&datetime=Fri,%2001%20Jul%202022%2015:10:19%20GMT&canonical_request=undefined	GET	{"data": "empty"}
321	files?to_sign=POST%0A%0A%0A%0Ax-amz-date%3AFri%2C%2001%20Jul%202022%2015%3A11%3A10%20GMT%0A%2Fbucketdevel3tropal%2F3tr%2Ftest%2Ftestfile.csv_uploadedVersion_1.csv%3Fuploads&datetime=Fri,%2001%20Jul%202022%2015:11:10%20GMT&canonical_request=undefined	2022-07-01 15:11:10.877325	test	3tr,Opal-users	http://3tr.cnag.crg.dev/api/files?to_sign=POST%0A%0A%0A%0Ax-amz-date%3AFri%2C%2001%20Jul%202022%2015%3A11%3A10%20GMT%0A%2Fbucketdevel3tropal%2F3tr%2Ftest%2Ftestfile.csv_uploadedVersion_1.csv%3Fuploads&datetime=Fri,%2001%20Jul%202022%2015:11:10%20GMT&canonical_request=undefined	GET	{"data": "empty"}
322	files?to_sign=POST%0A%0A%0A%0Ax-amz-date%3AFri%2C%2001%20Jul%202022%2015%3A12%3A27%20GMT%0A%2Fbucketdevel3tropal%2F3tr%2Ftest%2Ftestfile.csv_uploadedVersion_1.csv%3Fuploads&datetime=Fri,%2001%20Jul%202022%2015:12:27%20GMT&canonical_request=undefined	2022-07-01 15:12:27.695056	test	3tr,Opal-users	http://3tr.cnag.crg.dev/api/files?to_sign=POST%0A%0A%0A%0Ax-amz-date%3AFri%2C%2001%20Jul%202022%2015%3A12%3A27%20GMT%0A%2Fbucketdevel3tropal%2F3tr%2Ftest%2Ftestfile.csv_uploadedVersion_1.csv%3Fuploads&datetime=Fri,%2001%20Jul%202022%2015:12:27%20GMT&canonical_request=undefined	GET	{"data": "empty"}
323	files?to_sign=POST%0A%0A%0A%0Ax-amz-date%3AFri%2C%2001%20Jul%202022%2015%3A13%3A03%20GMT%0A%2Fbucketdevel3tropal%2F3tr%2Ftest%2Ftestfile.csv_uploadedVersion_1.csv%3Fuploads&datetime=Fri,%2001%20Jul%202022%2015:13:03%20GMT&canonical_request=undefined	2022-07-01 15:13:03.29414	test	3tr,Opal-users	http://3tr.cnag.crg.dev/api/files?to_sign=POST%0A%0A%0A%0Ax-amz-date%3AFri%2C%2001%20Jul%202022%2015%3A13%3A03%20GMT%0A%2Fbucketdevel3tropal%2F3tr%2Ftest%2Ftestfile.csv_uploadedVersion_1.csv%3Fuploads&datetime=Fri,%2001%20Jul%202022%2015:13:03%20GMT&canonical_request=undefined	GET	{"data": "empty"}
324	files?to_sign=POST%0A%0A%0A%0Ax-amz-date%3AFri%2C%2001%20Jul%202022%2015%3A13%3A19%20GMT%0A%2Fbucketdevel3tropal%2F3tr%2Ftest%2Ftestfile.csv_uploadedVersion_1.csv%3Fuploads&datetime=Fri,%2001%20Jul%202022%2015:13:19%20GMT&canonical_request=undefined	2022-07-01 15:13:19.318875	test	3tr,Opal-users	http://3tr.cnag.crg.dev/api/files?to_sign=POST%0A%0A%0A%0Ax-amz-date%3AFri%2C%2001%20Jul%202022%2015%3A13%3A19%20GMT%0A%2Fbucketdevel3tropal%2F3tr%2Ftest%2Ftestfile.csv_uploadedVersion_1.csv%3Fuploads&datetime=Fri,%2001%20Jul%202022%2015:13:19%20GMT&canonical_request=undefined	GET	{"data": "empty"}
325	files?to_sign=POST%0A%0A%0A%0Ax-amz-date%3AFri%2C%2001%20Jul%202022%2015%3A16%3A44%20GMT%0A%2Fbucketdevel3tropal%2F3tr%2Ftest%2Ftestfile.csv_uploadedVersion_1.csv%3Fuploads&datetime=Fri,%2001%20Jul%202022%2015:16:44%20GMT&canonical_request=undefined	2022-07-01 15:16:44.538227	test	3tr,Opal-users	http://3tr.cnag.crg.dev/api/files?to_sign=POST%0A%0A%0A%0Ax-amz-date%3AFri%2C%2001%20Jul%202022%2015%3A16%3A44%20GMT%0A%2Fbucketdevel3tropal%2F3tr%2Ftest%2Ftestfile.csv_uploadedVersion_1.csv%3Fuploads&datetime=Fri,%2001%20Jul%202022%2015:16:44%20GMT&canonical_request=undefined	GET	{"data": "empty"}
316	files?to_sign=POST%0A%0A%0A%0Ax-amz-date%3AFri%2C%2001%20Jul%202022%2015%3A09%3A15%20GMT%0A%2Fbucketdevel3tropal%2F3tr%2Ftest%2Ftestfile.csv_uploadedVersion_1.csv%3Fuploads&datetime=Fri,%2001%20Jul%202022%2015:09:15%20GMT&canonical_request=undefined	2022-07-01 15:09:15.236061	test	3tr,Opal-users	http://3tr.cnag.crg.dev/api/files?to_sign=POST%0A%0A%0A%0Ax-amz-date%3AFri%2C%2001%20Jul%202022%2015%3A09%3A15%20GMT%0A%2Fbucketdevel3tropal%2F3tr%2Ftest%2Ftestfile.csv_uploadedVersion_1.csv%3Fuploads&datetime=Fri,%2001%20Jul%202022%2015:09:15%20GMT&canonical_request=undefined	GET	{"data": "empty"}
326	files?to_sign=POST%0A%0A%0A%0Ax-amz-date%3AFri%2C%2001%20Jul%202022%2015%3A17%3A35%20GMT%0A%2Fbucketdevel3tropal%2F3tr%2Ftest%2Ftestfile.csv_uploadedVersion_1.csv%3Fuploads&datetime=Fri,%2001%20Jul%202022%2015:17:35%20GMT&canonical_request=undefined	2022-07-01 15:17:35.38071	test	3tr,Opal-users	http://3tr.cnag.crg.dev/api/files?to_sign=POST%0A%0A%0A%0Ax-amz-date%3AFri%2C%2001%20Jul%202022%2015%3A17%3A35%20GMT%0A%2Fbucketdevel3tropal%2F3tr%2Ftest%2Ftestfile.csv_uploadedVersion_1.csv%3Fuploads&datetime=Fri,%2001%20Jul%202022%2015:17:35%20GMT&canonical_request=undefined	GET	{"data": "empty"}
328	files?to_sign=POST%0A%0A%0A%0Ax-amz-date%3AFri%2C%2001%20Jul%202022%2015%3A21%3A44%20GMT%0A%2Fbucketdevel3tropal%2F3tr%2Ftest%2Ftestfile.csv_uploadedVersion_1.csv%3Fuploads&datetime=Fri,%2001%20Jul%202022%2015:21:44%20GMT&canonical_request=undefined	2022-07-01 15:21:45.019788	test	3tr,Opal-users	http://3tr.cnag.crg.dev/api/files?to_sign=POST%0A%0A%0A%0Ax-amz-date%3AFri%2C%2001%20Jul%202022%2015%3A21%3A44%20GMT%0A%2Fbucketdevel3tropal%2F3tr%2Ftest%2Ftestfile.csv_uploadedVersion_1.csv%3Fuploads&datetime=Fri,%2001%20Jul%202022%2015:21:44%20GMT&canonical_request=undefined	GET	{"data": "empty"}
330	files?to_sign=POST%0A%0A%0A%0Ax-amz-date%3AFri%2C%2001%20Jul%202022%2015%3A23%3A04%20GMT%0A%2Fbucketdevel3tropal%2F3tr%2Ftest%2Ftestfile.csv_uploadedVersion_1.csv%3Fuploads&datetime=Fri,%2001%20Jul%202022%2015:23:04%20GMT&canonical_request=undefined	2022-07-01 15:23:04.072281	test	3tr,Opal-users	http://3tr.cnag.crg.dev/api/files?to_sign=POST%0A%0A%0A%0Ax-amz-date%3AFri%2C%2001%20Jul%202022%2015%3A23%3A04%20GMT%0A%2Fbucketdevel3tropal%2F3tr%2Ftest%2Ftestfile.csv_uploadedVersion_1.csv%3Fuploads&datetime=Fri,%2001%20Jul%202022%2015:23:04%20GMT&canonical_request=undefined	GET	{"data": "empty"}
333	files?to_sign=POST%0A%0A%0A%0Ax-amz-date%3AFri%2C%2001%20Jul%202022%2015%3A28%3A04%20GMT%0A%2Fbucketdevel3tropal%2F3tr%2Ftest%2Ftestfile.csv_uploadedVersion_1.csv%3Fuploads&datetime=Fri,%2001%20Jul%202022%2015:28:04%20GMT&canonical_request=undefined	2022-07-01 15:28:04.506111	test	3tr,Opal-users	http://3tr.cnag.crg.dev/api/files?to_sign=POST%0A%0A%0A%0Ax-amz-date%3AFri%2C%2001%20Jul%202022%2015%3A28%3A04%20GMT%0A%2Fbucketdevel3tropal%2F3tr%2Ftest%2Ftestfile.csv_uploadedVersion_1.csv%3Fuploads&datetime=Fri,%2001%20Jul%202022%2015:28:04%20GMT&canonical_request=undefined	GET	{"data": "empty"}
327	files?to_sign=POST%0A%0A%0A%0Ax-amz-date%3AFri%2C%2001%20Jul%202022%2015%3A18%3A03%20GMT%0A%2Fbucketdevel3tropal%2F3tr%2Ftest%2Ftestfile.csv_uploadedVersion_1.csv%3Fuploads&datetime=Fri,%2001%20Jul%202022%2015:18:03%20GMT&canonical_request=undefined	2022-07-01 15:18:03.426618	test	3tr,Opal-users	http://3tr.cnag.crg.dev/api/files?to_sign=POST%0A%0A%0A%0Ax-amz-date%3AFri%2C%2001%20Jul%202022%2015%3A18%3A03%20GMT%0A%2Fbucketdevel3tropal%2F3tr%2Ftest%2Ftestfile.csv_uploadedVersion_1.csv%3Fuploads&datetime=Fri,%2001%20Jul%202022%2015:18:03%20GMT&canonical_request=undefined	GET	{"data": "empty"}
329	files?to_sign=POST%0A%0A%0A%0Ax-amz-date%3AFri%2C%2001%20Jul%202022%2015%3A22%3A36%20GMT%0A%2Fbucketdevel3tropal%2F3tr%2Ftest%2Ftestfile.csv_uploadedVersion_1.csv%3Fuploads&datetime=Fri,%2001%20Jul%202022%2015:22:36%20GMT&canonical_request=undefined	2022-07-01 15:22:36.041099	test	3tr,Opal-users	http://3tr.cnag.crg.dev/api/files?to_sign=POST%0A%0A%0A%0Ax-amz-date%3AFri%2C%2001%20Jul%202022%2015%3A22%3A36%20GMT%0A%2Fbucketdevel3tropal%2F3tr%2Ftest%2Ftestfile.csv_uploadedVersion_1.csv%3Fuploads&datetime=Fri,%2001%20Jul%202022%2015:22:36%20GMT&canonical_request=undefined	GET	{"data": "empty"}
331	files?to_sign=POST%0A%0A%0A%0Ax-amz-date%3AFri%2C%2001%20Jul%202022%2015%3A26%3A45%20GMT%0A%2Fbucketdevel3tropal%2F3tr%2Ftest%2Ftestfile.csv_uploadedVersion_1.csv%3Fuploads&datetime=Fri,%2001%20Jul%202022%2015:26:45%20GMT&canonical_request=undefined	2022-07-01 15:26:45.451371	test	3tr,Opal-users	http://3tr.cnag.crg.dev/api/files?to_sign=POST%0A%0A%0A%0Ax-amz-date%3AFri%2C%2001%20Jul%202022%2015%3A26%3A45%20GMT%0A%2Fbucketdevel3tropal%2F3tr%2Ftest%2Ftestfile.csv_uploadedVersion_1.csv%3Fuploads&datetime=Fri,%2001%20Jul%202022%2015:26:45%20GMT&canonical_request=undefined	GET	{"data": "empty"}
332	files?to_sign=POST%0A%0A%0A%0Ax-amz-date%3AFri%2C%2001%20Jul%202022%2015%3A27%3A36%20GMT%0A%2Fbucketdevel3tropal%2F3tr%2Ftest%2Ftestfile.csv_uploadedVersion_1.csv%3Fuploads&datetime=Fri,%2001%20Jul%202022%2015:27:36%20GMT&canonical_request=undefined	2022-07-01 15:27:36.462929	test	3tr,Opal-users	http://3tr.cnag.crg.dev/api/files?to_sign=POST%0A%0A%0A%0Ax-amz-date%3AFri%2C%2001%20Jul%202022%2015%3A27%3A36%20GMT%0A%2Fbucketdevel3tropal%2F3tr%2Ftest%2Ftestfile.csv_uploadedVersion_1.csv%3Fuploads&datetime=Fri,%2001%20Jul%202022%2015:27:36%20GMT&canonical_request=undefined	GET	{"data": "empty"}
334	all	2022-07-01 15:30:09.363142	test	3tr,Opal-users	http://3tr.cnag.crg.dev/api/projects/all	POST	{"data": {"search": ""}}
335	all	2022-07-01 15:30:09.446654	test	3tr,Opal-users	http://3tr.cnag.crg.dev/api/projects/all	POST	{"data": {"search": ""}}
336	list	2022-07-01 15:30:10.913996	test	3tr,Opal-users	http://3tr.cnag.crg.dev/api/datasets/list	POST	{"data": {"dataset_id": "", "project_id": "proj12"}}
337	startupload	2022-07-01 15:30:17.116543	test	3tr,Opal-users	http://3tr.cnag.crg.dev/api/files/startupload	POST	{"data": {"Comment": "", "fileName": "testfile.csv", "DatasetID": "test", "projectId": "proj12"}}
338	files?to_sign=POST%0A%0A%0A%0Ax-amz-date%3AFri%2C%2001%20Jul%202022%2015%3A30%3A17%20GMT%0A%2Fbucketdevel3tropal%2F3tr%2Ftest%2Ftestfile.csv_uploadedVersion_1.csv%3Fuploads&datetime=Fri,%2001%20Jul%202022%2015:30:17%20GMT&canonical_request=undefined	2022-07-01 15:30:17.165065	test	3tr,Opal-users	http://3tr.cnag.crg.dev/api/files?to_sign=POST%0A%0A%0A%0Ax-amz-date%3AFri%2C%2001%20Jul%202022%2015%3A30%3A17%20GMT%0A%2Fbucketdevel3tropal%2F3tr%2Ftest%2Ftestfile.csv_uploadedVersion_1.csv%3Fuploads&datetime=Fri,%2001%20Jul%202022%2015:30:17%20GMT&canonical_request=undefined	GET	{"data": "empty"}
339	files?to_sign=POST%0A%0A%0A%0Ax-amz-date%3AFri%2C%2001%20Jul%202022%2015%3A30%3A17%20GMT%0A%2Fbucketdevel3tropal%2F3tr%2Ftest%2Ftestfile.csv_uploadedVersion_1.csv%3Fuploads&datetime=Fri,%2001%20Jul%202022%2015:30:17%20GMT&canonical_request=undefined	2022-07-01 15:30:17.200929	test	3tr,Opal-users	http://3tr.cnag.crg.dev/api/files?to_sign=POST%0A%0A%0A%0Ax-amz-date%3AFri%2C%2001%20Jul%202022%2015%3A30%3A17%20GMT%0A%2Fbucketdevel3tropal%2F3tr%2Ftest%2Ftestfile.csv_uploadedVersion_1.csv%3Fuploads&datetime=Fri,%2001%20Jul%202022%2015:30:17%20GMT&canonical_request=undefined	GET	{"data": "empty"}
340	files?to_sign=POST%0A%0A%0A%0Ax-amz-date%3AFri%2C%2001%20Jul%202022%2015%3A30%3A18%20GMT%0A%2Fbucketdevel3tropal%2F3tr%2Ftest%2Ftestfile.csv_uploadedVersion_1.csv%3Fuploads&datetime=Fri,%2001%20Jul%202022%2015:30:18%20GMT&canonical_request=undefined	2022-07-01 15:30:18.230004	test	3tr,Opal-users	http://3tr.cnag.crg.dev/api/files?to_sign=POST%0A%0A%0A%0Ax-amz-date%3AFri%2C%2001%20Jul%202022%2015%3A30%3A18%20GMT%0A%2Fbucketdevel3tropal%2F3tr%2Ftest%2Ftestfile.csv_uploadedVersion_1.csv%3Fuploads&datetime=Fri,%2001%20Jul%202022%2015:30:18%20GMT&canonical_request=undefined	GET	{"data": "empty"}
341	files?to_sign=POST%0A%0A%0A%0Ax-amz-date%3AFri%2C%2001%20Jul%202022%2015%3A30%3A20%20GMT%0A%2Fbucketdevel3tropal%2F3tr%2Ftest%2Ftestfile.csv_uploadedVersion_1.csv%3Fuploads&datetime=Fri,%2001%20Jul%202022%2015:30:20%20GMT&canonical_request=undefined	2022-07-01 15:30:20.267194	test	3tr,Opal-users	http://3tr.cnag.crg.dev/api/files?to_sign=POST%0A%0A%0A%0Ax-amz-date%3AFri%2C%2001%20Jul%202022%2015%3A30%3A20%20GMT%0A%2Fbucketdevel3tropal%2F3tr%2Ftest%2Ftestfile.csv_uploadedVersion_1.csv%3Fuploads&datetime=Fri,%2001%20Jul%202022%2015:30:20%20GMT&canonical_request=undefined	GET	{"data": "empty"}
342	files?to_sign=POST%0A%0A%0A%0Ax-amz-date%3AFri%2C%2001%20Jul%202022%2015%3A30%3A25%20GMT%0A%2Fbucketdevel3tropal%2F3tr%2Ftest%2Ftestfile.csv_uploadedVersion_1.csv%3Fuploads&datetime=Fri,%2001%20Jul%202022%2015:30:25%20GMT&canonical_request=undefined	2022-07-01 15:30:25.269144	test	3tr,Opal-users	http://3tr.cnag.crg.dev/api/files?to_sign=POST%0A%0A%0A%0Ax-amz-date%3AFri%2C%2001%20Jul%202022%2015%3A30%3A25%20GMT%0A%2Fbucketdevel3tropal%2F3tr%2Ftest%2Ftestfile.csv_uploadedVersion_1.csv%3Fuploads&datetime=Fri,%2001%20Jul%202022%2015:30:25%20GMT&canonical_request=undefined	GET	{"data": "empty"}
343	files?to_sign=POST%0A%0A%0A%0Ax-amz-date%3AFri%2C%2001%20Jul%202022%2015%3A30%3A34%20GMT%0A%2Fbucketdevel3tropal%2F3tr%2Ftest%2Ftestfile.csv_uploadedVersion_1.csv%3Fuploads&datetime=Fri,%2001%20Jul%202022%2015:30:34%20GMT&canonical_request=undefined	2022-07-01 15:30:34.297227	test	3tr,Opal-users	http://3tr.cnag.crg.dev/api/files?to_sign=POST%0A%0A%0A%0Ax-amz-date%3AFri%2C%2001%20Jul%202022%2015%3A30%3A34%20GMT%0A%2Fbucketdevel3tropal%2F3tr%2Ftest%2Ftestfile.csv_uploadedVersion_1.csv%3Fuploads&datetime=Fri,%2001%20Jul%202022%2015:30:34%20GMT&canonical_request=undefined	GET	{"data": "empty"}
344	files?to_sign=POST%0A%0A%0A%0Ax-amz-date%3AFri%2C%2001%20Jul%202022%2015%3A30%3A50%20GMT%0A%2Fbucketdevel3tropal%2F3tr%2Ftest%2Ftestfile.csv_uploadedVersion_1.csv%3Fuploads&datetime=Fri,%2001%20Jul%202022%2015:30:50%20GMT&canonical_request=undefined	2022-07-01 15:30:50.330996	test	3tr,Opal-users	http://3tr.cnag.crg.dev/api/files?to_sign=POST%0A%0A%0A%0Ax-amz-date%3AFri%2C%2001%20Jul%202022%2015%3A30%3A50%20GMT%0A%2Fbucketdevel3tropal%2F3tr%2Ftest%2Ftestfile.csv_uploadedVersion_1.csv%3Fuploads&datetime=Fri,%2001%20Jul%202022%2015:30:50%20GMT&canonical_request=undefined	GET	{"data": "empty"}
345	files?to_sign=POST%0A%0A%0A%0Ax-amz-date%3AFri%2C%2001%20Jul%202022%2015%3A31%3A22%20GMT%0A%2Fbucketdevel3tropal%2F3tr%2Ftest%2Ftestfile.csv_uploadedVersion_1.csv%3Fuploads&datetime=Fri,%2001%20Jul%202022%2015:31:22%20GMT&canonical_request=undefined	2022-07-01 15:31:22.405932	test	3tr,Opal-users	http://3tr.cnag.crg.dev/api/files?to_sign=POST%0A%0A%0A%0Ax-amz-date%3AFri%2C%2001%20Jul%202022%2015%3A31%3A22%20GMT%0A%2Fbucketdevel3tropal%2F3tr%2Ftest%2Ftestfile.csv_uploadedVersion_1.csv%3Fuploads&datetime=Fri,%2001%20Jul%202022%2015:31:22%20GMT&canonical_request=undefined	GET	{"data": "empty"}
346	files?to_sign=POST%0A%0A%0A%0Ax-amz-date%3AFri%2C%2001%20Jul%202022%2015%3A31%3A45%20GMT%0A%2Fbucketdevel3tropal%2F3tr%2Ftest%2Ftestfile.csv_uploadedVersion_1.csv%3Fuploads&datetime=Fri,%2001%20Jul%202022%2015:31:45%20GMT&canonical_request=undefined	2022-07-01 15:31:45.878523	test	3tr,Opal-users	http://3tr.cnag.crg.dev/api/files?to_sign=POST%0A%0A%0A%0Ax-amz-date%3AFri%2C%2001%20Jul%202022%2015%3A31%3A45%20GMT%0A%2Fbucketdevel3tropal%2F3tr%2Ftest%2Ftestfile.csv_uploadedVersion_1.csv%3Fuploads&datetime=Fri,%2001%20Jul%202022%2015:31:45%20GMT&canonical_request=undefined	GET	{"data": "empty"}
347	files?to_sign=POST%0A%0A%0A%0Ax-amz-date%3AFri%2C%2001%20Jul%202022%2015%3A32%3A26%20GMT%0A%2Fbucketdevel3tropal%2F3tr%2Ftest%2Ftestfile.csv_uploadedVersion_1.csv%3Fuploads&datetime=Fri,%2001%20Jul%202022%2015:32:26%20GMT&canonical_request=undefined	2022-07-01 15:32:26.516214	test	3tr,Opal-users	http://3tr.cnag.crg.dev/api/files?to_sign=POST%0A%0A%0A%0Ax-amz-date%3AFri%2C%2001%20Jul%202022%2015%3A32%3A26%20GMT%0A%2Fbucketdevel3tropal%2F3tr%2Ftest%2Ftestfile.csv_uploadedVersion_1.csv%3Fuploads&datetime=Fri,%2001%20Jul%202022%2015:32:26%20GMT&canonical_request=undefined	GET	{"data": "empty"}
348	files?to_sign=POST%0A%0A%0A%0Ax-amz-date%3AFri%2C%2001%20Jul%202022%2015%3A32%3A37%20GMT%0A%2Fbucketdevel3tropal%2F3tr%2Ftest%2Ftestfile.csv_uploadedVersion_1.csv%3Fuploads&datetime=Fri,%2001%20Jul%202022%2015:32:37%20GMT&canonical_request=undefined	2022-07-01 15:32:37.322786	test	3tr,Opal-users	http://3tr.cnag.crg.dev/api/files?to_sign=POST%0A%0A%0A%0Ax-amz-date%3AFri%2C%2001%20Jul%202022%2015%3A32%3A37%20GMT%0A%2Fbucketdevel3tropal%2F3tr%2Ftest%2Ftestfile.csv_uploadedVersion_1.csv%3Fuploads&datetime=Fri,%2001%20Jul%202022%2015:32:37%20GMT&canonical_request=undefined	GET	{"data": "empty"}
349	files?to_sign=POST%0A%0A%0A%0Ax-amz-date%3AFri%2C%2001%20Jul%202022%2015%3A33%3A05%20GMT%0A%2Fbucketdevel3tropal%2F3tr%2Ftest%2Ftestfile.csv_uploadedVersion_1.csv%3Fuploads&datetime=Fri,%2001%20Jul%202022%2015:33:05%20GMT&canonical_request=undefined	2022-07-01 15:33:05.297903	test	3tr,Opal-users	http://3tr.cnag.crg.dev/api/files?to_sign=POST%0A%0A%0A%0Ax-amz-date%3AFri%2C%2001%20Jul%202022%2015%3A33%3A05%20GMT%0A%2Fbucketdevel3tropal%2F3tr%2Ftest%2Ftestfile.csv_uploadedVersion_1.csv%3Fuploads&datetime=Fri,%2001%20Jul%202022%2015:33:05%20GMT&canonical_request=undefined	GET	{"data": "empty"}
350	files?to_sign=POST%0A%0A%0A%0Ax-amz-date%3AFri%2C%2001%20Jul%202022%2015%3A34%3A34%20GMT%0A%2Fbucketdevel3tropal%2F3tr%2Ftest%2Ftestfile.csv_uploadedVersion_1.csv%3Fuploads&datetime=Fri,%2001%20Jul%202022%2015:34:34%20GMT&canonical_request=undefined	2022-07-01 15:34:34.662585	test	3tr,Opal-users	http://3tr.cnag.crg.dev/api/files?to_sign=POST%0A%0A%0A%0Ax-amz-date%3AFri%2C%2001%20Jul%202022%2015%3A34%3A34%20GMT%0A%2Fbucketdevel3tropal%2F3tr%2Ftest%2Ftestfile.csv_uploadedVersion_1.csv%3Fuploads&datetime=Fri,%2001%20Jul%202022%2015:34:34%20GMT&canonical_request=undefined	GET	{"data": "empty"}
351	files?to_sign=POST%0A%0A%0A%0Ax-amz-date%3AFri%2C%2001%20Jul%202022%2015%3A36%3A46%20GMT%0A%2Fbucketdevel3tropal%2F3tr%2Ftest%2Ftestfile.csv_uploadedVersion_1.csv%3Fuploads&datetime=Fri,%2001%20Jul%202022%2015:36:46%20GMT&canonical_request=undefined	2022-07-01 15:36:46.271717	test	3tr,Opal-users	http://3tr.cnag.crg.dev/api/files?to_sign=POST%0A%0A%0A%0Ax-amz-date%3AFri%2C%2001%20Jul%202022%2015%3A36%3A46%20GMT%0A%2Fbucketdevel3tropal%2F3tr%2Ftest%2Ftestfile.csv_uploadedVersion_1.csv%3Fuploads&datetime=Fri,%2001%20Jul%202022%2015:36:46%20GMT&canonical_request=undefined	GET	{"data": "empty"}
352	files?to_sign=POST%0A%0A%0A%0Ax-amz-date%3AFri%2C%2001%20Jul%202022%2015%3A37%3A37%20GMT%0A%2Fbucketdevel3tropal%2F3tr%2Ftest%2Ftestfile.csv_uploadedVersion_1.csv%3Fuploads&datetime=Fri,%2001%20Jul%202022%2015:37:37%20GMT&canonical_request=undefined	2022-07-01 15:37:37.808611	test	3tr,Opal-users	http://3tr.cnag.crg.dev/api/files?to_sign=POST%0A%0A%0A%0Ax-amz-date%3AFri%2C%2001%20Jul%202022%2015%3A37%3A37%20GMT%0A%2Fbucketdevel3tropal%2F3tr%2Ftest%2Ftestfile.csv_uploadedVersion_1.csv%3Fuploads&datetime=Fri,%2001%20Jul%202022%2015:37:37%20GMT&canonical_request=undefined	GET	{"data": "empty"}
353	files?to_sign=POST%0A%0A%0A%0Ax-amz-date%3AFri%2C%2001%20Jul%202022%2015%3A38%3A05%20GMT%0A%2Fbucketdevel3tropal%2F3tr%2Ftest%2Ftestfile.csv_uploadedVersion_1.csv%3Fuploads&datetime=Fri,%2001%20Jul%202022%2015:38:05%20GMT&canonical_request=undefined	2022-07-01 15:38:05.865238	test	3tr,Opal-users	http://3tr.cnag.crg.dev/api/files?to_sign=POST%0A%0A%0A%0Ax-amz-date%3AFri%2C%2001%20Jul%202022%2015%3A38%3A05%20GMT%0A%2Fbucketdevel3tropal%2F3tr%2Ftest%2Ftestfile.csv_uploadedVersion_1.csv%3Fuploads&datetime=Fri,%2001%20Jul%202022%2015:38:05%20GMT&canonical_request=undefined	GET	{"data": "empty"}
354	files?to_sign=POST%0A%0A%0A%0Ax-amz-date%3AFri%2C%2001%20Jul%202022%2015%3A38%3A50%20GMT%0A%2Fbucketdevel3tropal%2F3tr%2Ftest%2Ftestfile.csv_uploadedVersion_1.csv%3Fuploads&datetime=Fri,%2001%20Jul%202022%2015:38:50%20GMT&canonical_request=undefined	2022-07-01 15:38:51.0253	test	3tr,Opal-users	http://3tr.cnag.crg.dev/api/files?to_sign=POST%0A%0A%0A%0Ax-amz-date%3AFri%2C%2001%20Jul%202022%2015%3A38%3A50%20GMT%0A%2Fbucketdevel3tropal%2F3tr%2Ftest%2Ftestfile.csv_uploadedVersion_1.csv%3Fuploads&datetime=Fri,%2001%20Jul%202022%2015:38:50%20GMT&canonical_request=undefined	GET	{"data": "empty"}
355	files?to_sign=POST%0A%0A%0A%0Ax-amz-date%3AFri%2C%2001%20Jul%202022%2015%3A41%3A46%20GMT%0A%2Fbucketdevel3tropal%2F3tr%2Ftest%2Ftestfile.csv_uploadedVersion_1.csv%3Fuploads&datetime=Fri,%2001%20Jul%202022%2015:41:46%20GMT&canonical_request=undefined	2022-07-01 15:41:46.726042	test	3tr,Opal-users	http://3tr.cnag.crg.dev/api/files?to_sign=POST%0A%0A%0A%0Ax-amz-date%3AFri%2C%2001%20Jul%202022%2015%3A41%3A46%20GMT%0A%2Fbucketdevel3tropal%2F3tr%2Ftest%2Ftestfile.csv_uploadedVersion_1.csv%3Fuploads&datetime=Fri,%2001%20Jul%202022%2015:41:46%20GMT&canonical_request=undefined	GET	{"data": "empty"}
356	all	2022-07-01 15:42:34.260609	test	3tr,Opal-users	http://3tr.cnag.crg.dev/api/projects/all	POST	{"data": {"search": ""}}
357	all	2022-07-01 15:42:34.430512	test	3tr,Opal-users	http://3tr.cnag.crg.dev/api/projects/all	POST	{"data": {"search": ""}}
358	submissioncols?arg=disease	2022-07-01 15:42:35.417526	test	3tr,Opal-users	http://3tr.cnag.crg.dev/api/datasets/submissioncols?arg=disease	POST	{"data": {"col_id": "disease", "project_id": "proj12"}}
359	submissioncols?arg=visibility	2022-07-01 15:42:35.450947	test	3tr,Opal-users	http://3tr.cnag.crg.dev/api/datasets/submissioncols?arg=visibility	POST	{"data": {"col_id": "visibility", "project_id": "proj12"}}
360	all	2022-07-01 15:42:37.09075	test	3tr,Opal-users	http://3tr.cnag.crg.dev/api/projects/all	POST	{"data": {"search": ""}}
361	all	2022-07-01 15:42:37.113068	test	3tr,Opal-users	http://3tr.cnag.crg.dev/api/projects/all	POST	{"data": {"search": ""}}
363	list	2022-07-01 15:42:39.905434	test	3tr,Opal-users	http://3tr.cnag.crg.dev/api/datasets/list	POST	{"data": {"dataset_id": "", "project_id": "proj12"}}
362	files?to_sign=POST%0A%0A%0A%0Ax-amz-date%3AFri%2C%2001%20Jul%202022%2015%3A42%3A38%20GMT%0A%2Fbucketdevel3tropal%2F3tr%2Ftest%2Ftestfile.csv_uploadedVersion_1.csv%3Fuploads&datetime=Fri,%2001%20Jul%202022%2015:42:38%20GMT&canonical_request=undefined	2022-07-01 15:42:38.554358	test	3tr,Opal-users	http://3tr.cnag.crg.dev/api/files?to_sign=POST%0A%0A%0A%0Ax-amz-date%3AFri%2C%2001%20Jul%202022%2015%3A42%3A38%20GMT%0A%2Fbucketdevel3tropal%2F3tr%2Ftest%2Ftestfile.csv_uploadedVersion_1.csv%3Fuploads&datetime=Fri,%2001%20Jul%202022%2015:42:38%20GMT&canonical_request=undefined	GET	{"data": "empty"}
364	startupload	2022-07-01 15:42:47.102564	test	3tr,Opal-users	http://3tr.cnag.crg.dev/api/files/startupload	POST	{"data": {"Comment": "", "fileName": "testfile.csv", "DatasetID": "test", "projectId": "proj12"}}
366	files?to_sign=POST%0A%0A%0A%0Ax-amz-date%3AFri%2C%2001%20Jul%202022%2015%3A42%3A47%20GMT%0A%2Fbucketdevel3tropal%2F3tr%2Ftest%2Ftestfile.csv_uploadedVersion_1.csv%3Fuploads&datetime=Fri,%2001%20Jul%202022%2015:42:47%20GMT&canonical_request=undefined	2022-07-01 15:42:47.188542	test	3tr,Opal-users	http://3tr.cnag.crg.dev/api/files?to_sign=POST%0A%0A%0A%0Ax-amz-date%3AFri%2C%2001%20Jul%202022%2015%3A42%3A47%20GMT%0A%2Fbucketdevel3tropal%2F3tr%2Ftest%2Ftestfile.csv_uploadedVersion_1.csv%3Fuploads&datetime=Fri,%2001%20Jul%202022%2015:42:47%20GMT&canonical_request=undefined	GET	{"data": "empty"}
367	files?to_sign=POST%0A%0A%0A%0Ax-amz-date%3AFri%2C%2001%20Jul%202022%2015%3A42%3A48%20GMT%0A%2Fbucketdevel3tropal%2F3tr%2Ftest%2Ftestfile.csv_uploadedVersion_1.csv%3Fuploads&datetime=Fri,%2001%20Jul%202022%2015:42:48%20GMT&canonical_request=undefined	2022-07-01 15:42:48.223422	test	3tr,Opal-users	http://3tr.cnag.crg.dev/api/files?to_sign=POST%0A%0A%0A%0Ax-amz-date%3AFri%2C%2001%20Jul%202022%2015%3A42%3A48%20GMT%0A%2Fbucketdevel3tropal%2F3tr%2Ftest%2Ftestfile.csv_uploadedVersion_1.csv%3Fuploads&datetime=Fri,%2001%20Jul%202022%2015:42:48%20GMT&canonical_request=undefined	GET	{"data": "empty"}
369	files?to_sign=POST%0A%0A%0A%0Ax-amz-date%3AFri%2C%2001%20Jul%202022%2015%3A42%3A56%20GMT%0A%2Fbucketdevel3tropal%2F3tr%2Ftest%2Ftestfile.csv_uploadedVersion_1.csv%3Fuploads&datetime=Fri,%2001%20Jul%202022%2015:42:56%20GMT&canonical_request=undefined	2022-07-01 15:42:56.042626	test	3tr,Opal-users	http://3tr.cnag.crg.dev/api/files?to_sign=POST%0A%0A%0A%0Ax-amz-date%3AFri%2C%2001%20Jul%202022%2015%3A42%3A56%20GMT%0A%2Fbucketdevel3tropal%2F3tr%2Ftest%2Ftestfile.csv_uploadedVersion_1.csv%3Fuploads&datetime=Fri,%2001%20Jul%202022%2015:42:56%20GMT&canonical_request=undefined	GET	{"data": "empty"}
371	files?to_sign=POST%0A%0A%0A%0Ax-amz-date%3AFri%2C%2001%20Jul%202022%2015%3A43%3A06%20GMT%0A%2Fbucketdevel3tropal%2F3tr%2Ftest%2Ftestfile.csv_uploadedVersion_1.csv%3Fuploads&datetime=Fri,%2001%20Jul%202022%2015:43:06%20GMT&canonical_request=undefined	2022-07-01 15:43:06.595154	test	3tr,Opal-users	http://3tr.cnag.crg.dev/api/files?to_sign=POST%0A%0A%0A%0Ax-amz-date%3AFri%2C%2001%20Jul%202022%2015%3A43%3A06%20GMT%0A%2Fbucketdevel3tropal%2F3tr%2Ftest%2Ftestfile.csv_uploadedVersion_1.csv%3Fuploads&datetime=Fri,%2001%20Jul%202022%2015:43:06%20GMT&canonical_request=undefined	GET	{"data": "empty"}
373	files?to_sign=POST%0A%0A%0A%0Ax-amz-date%3AFri%2C%2001%20Jul%202022%2015%3A43%3A51%20GMT%0A%2Fbucketdevel3tropal%2F3tr%2Ftest%2Ftestfile.csv_uploadedVersion_1.csv%3Fuploads&datetime=Fri,%2001%20Jul%202022%2015:43:51%20GMT&canonical_request=undefined	2022-07-01 15:43:51.375782	test	3tr,Opal-users	http://3tr.cnag.crg.dev/api/files?to_sign=POST%0A%0A%0A%0Ax-amz-date%3AFri%2C%2001%20Jul%202022%2015%3A43%3A51%20GMT%0A%2Fbucketdevel3tropal%2F3tr%2Ftest%2Ftestfile.csv_uploadedVersion_1.csv%3Fuploads&datetime=Fri,%2001%20Jul%202022%2015:43:51%20GMT&canonical_request=undefined	GET	{"data": "empty"}
383	files?to_sign=POST%0A%0A%0A%0Ax-amz-date%3AFri%2C%2001%20Jul%202022%2015%3A52%3A39%20GMT%0A%2Fbucketdevel3tropal%2F3tr%2Ftest%2Ftestfile.csv_uploadedVersion_1.csv%3Fuploads&datetime=Fri,%2001%20Jul%202022%2015:52:39%20GMT&canonical_request=undefined	2022-07-01 15:52:39.657292	test	3tr,Opal-users	http://3tr.cnag.crg.dev/api/files?to_sign=POST%0A%0A%0A%0Ax-amz-date%3AFri%2C%2001%20Jul%202022%2015%3A52%3A39%20GMT%0A%2Fbucketdevel3tropal%2F3tr%2Ftest%2Ftestfile.csv_uploadedVersion_1.csv%3Fuploads&datetime=Fri,%2001%20Jul%202022%2015:52:39%20GMT&canonical_request=undefined	GET	{"data": "empty"}
385	files?to_sign=POST%0A%0A%0A%0Ax-amz-date%3AFri%2C%2001%20Jul%202022%2015%3A53%3A51%20GMT%0A%2Fbucketdevel3tropal%2F3tr%2Ftest%2Ftestfile.csv_uploadedVersion_1.csv%3Fuploads&datetime=Fri,%2001%20Jul%202022%2015:53:51%20GMT&canonical_request=undefined	2022-07-01 15:53:51.985874	test	3tr,Opal-users	http://3tr.cnag.crg.dev/api/files?to_sign=POST%0A%0A%0A%0Ax-amz-date%3AFri%2C%2001%20Jul%202022%2015%3A53%3A51%20GMT%0A%2Fbucketdevel3tropal%2F3tr%2Ftest%2Ftestfile.csv_uploadedVersion_1.csv%3Fuploads&datetime=Fri,%2001%20Jul%202022%2015:53:51%20GMT&canonical_request=undefined	GET	{"data": "empty"}
386	files?to_sign=POST%0A%0A%0A%0Ax-amz-date%3AFri%2C%2001%20Jul%202022%2015%3A56%3A22%20GMT%0A%2Fbucketdevel3tropal%2F3tr%2Ftest%2Ftestfile.csv_uploadedVersion_1.csv%3Fuploads&datetime=Fri,%2001%20Jul%202022%2015:56:22%20GMT&canonical_request=undefined	2022-07-01 15:56:22.201592	test	3tr,Opal-users	http://3tr.cnag.crg.dev/api/files?to_sign=POST%0A%0A%0A%0Ax-amz-date%3AFri%2C%2001%20Jul%202022%2015%3A56%3A22%20GMT%0A%2Fbucketdevel3tropal%2F3tr%2Ftest%2Ftestfile.csv_uploadedVersion_1.csv%3Fuploads&datetime=Fri,%2001%20Jul%202022%2015:56:22%20GMT&canonical_request=undefined	GET	{"data": "empty"}
388	files?to_sign=POST%0A%0A%0A%0Ax-amz-date%3AFri%2C%2001%20Jul%202022%2015%3A57%3A40%20GMT%0A%2Fbucketdevel3tropal%2F3tr%2Ftest%2Ftestfile.csv_uploadedVersion_1.csv%3Fuploads&datetime=Fri,%2001%20Jul%202022%2015:57:40%20GMT&canonical_request=undefined	2022-07-01 15:57:40.068684	test	3tr,Opal-users	http://3tr.cnag.crg.dev/api/files?to_sign=POST%0A%0A%0A%0Ax-amz-date%3AFri%2C%2001%20Jul%202022%2015%3A57%3A40%20GMT%0A%2Fbucketdevel3tropal%2F3tr%2Ftest%2Ftestfile.csv_uploadedVersion_1.csv%3Fuploads&datetime=Fri,%2001%20Jul%202022%2015:57:40%20GMT&canonical_request=undefined	GET	{"data": "empty"}
390	files?to_sign=POST%0A%0A%0A%0Ax-amz-date%3AFri%2C%2001%20Jul%202022%2015%3A58%3A52%20GMT%0A%2Fbucketdevel3tropal%2F3tr%2Ftest%2Ftestfile.csv_uploadedVersion_1.csv%3Fuploads&datetime=Fri,%2001%20Jul%202022%2015:58:52%20GMT&canonical_request=undefined	2022-07-01 15:58:52.299139	test	3tr,Opal-users	http://3tr.cnag.crg.dev/api/files?to_sign=POST%0A%0A%0A%0Ax-amz-date%3AFri%2C%2001%20Jul%202022%2015%3A58%3A52%20GMT%0A%2Fbucketdevel3tropal%2F3tr%2Ftest%2Ftestfile.csv_uploadedVersion_1.csv%3Fuploads&datetime=Fri,%2001%20Jul%202022%2015:58:52%20GMT&canonical_request=undefined	GET	{"data": "empty"}
392	files?to_sign=POST%0A%0A%0A%0Ax-amz-date%3AFri%2C%2001%20Jul%202022%2016%3A01%3A48%20GMT%0A%2Fbucketdevel3tropal%2F3tr%2Ftest%2Ftestfile.csv_uploadedVersion_1.csv%3Fuploads&datetime=Fri,%2001%20Jul%202022%2016:01:48%20GMT&canonical_request=undefined	2022-07-01 16:01:48.564719	test	3tr,Opal-users	http://3tr.cnag.crg.dev/api/files?to_sign=POST%0A%0A%0A%0Ax-amz-date%3AFri%2C%2001%20Jul%202022%2016%3A01%3A48%20GMT%0A%2Fbucketdevel3tropal%2F3tr%2Ftest%2Ftestfile.csv_uploadedVersion_1.csv%3Fuploads&datetime=Fri,%2001%20Jul%202022%2016:01:48%20GMT&canonical_request=undefined	GET	{"data": "empty"}
365	files?to_sign=POST%0A%0A%0A%0Ax-amz-date%3AFri%2C%2001%20Jul%202022%2015%3A42%3A47%20GMT%0A%2Fbucketdevel3tropal%2F3tr%2Ftest%2Ftestfile.csv_uploadedVersion_1.csv%3Fuploads&datetime=Fri,%2001%20Jul%202022%2015:42:47%20GMT&canonical_request=undefined	2022-07-01 15:42:47.148137	test	3tr,Opal-users	http://3tr.cnag.crg.dev/api/files?to_sign=POST%0A%0A%0A%0Ax-amz-date%3AFri%2C%2001%20Jul%202022%2015%3A42%3A47%20GMT%0A%2Fbucketdevel3tropal%2F3tr%2Ftest%2Ftestfile.csv_uploadedVersion_1.csv%3Fuploads&datetime=Fri,%2001%20Jul%202022%2015:42:47%20GMT&canonical_request=undefined	GET	{"data": "empty"}
368	files?to_sign=POST%0A%0A%0A%0Ax-amz-date%3AFri%2C%2001%20Jul%202022%2015%3A42%3A50%20GMT%0A%2Fbucketdevel3tropal%2F3tr%2Ftest%2Ftestfile.csv_uploadedVersion_1.csv%3Fuploads&datetime=Fri,%2001%20Jul%202022%2015:42:50%20GMT&canonical_request=undefined	2022-07-01 15:42:51.017626	test	3tr,Opal-users	http://3tr.cnag.crg.dev/api/files?to_sign=POST%0A%0A%0A%0Ax-amz-date%3AFri%2C%2001%20Jul%202022%2015%3A42%3A50%20GMT%0A%2Fbucketdevel3tropal%2F3tr%2Ftest%2Ftestfile.csv_uploadedVersion_1.csv%3Fuploads&datetime=Fri,%2001%20Jul%202022%2015:42:50%20GMT&canonical_request=undefined	GET	{"data": "empty"}
370	files?to_sign=POST%0A%0A%0A%0Ax-amz-date%3AFri%2C%2001%20Jul%202022%2015%3A43%3A05%20GMT%0A%2Fbucketdevel3tropal%2F3tr%2Ftest%2Ftestfile.csv_uploadedVersion_1.csv%3Fuploads&datetime=Fri,%2001%20Jul%202022%2015:43:05%20GMT&canonical_request=undefined	2022-07-01 15:43:05.064076	test	3tr,Opal-users	http://3tr.cnag.crg.dev/api/files?to_sign=POST%0A%0A%0A%0Ax-amz-date%3AFri%2C%2001%20Jul%202022%2015%3A43%3A05%20GMT%0A%2Fbucketdevel3tropal%2F3tr%2Ftest%2Ftestfile.csv_uploadedVersion_1.csv%3Fuploads&datetime=Fri,%2001%20Jul%202022%2015:43:05%20GMT&canonical_request=undefined	GET	{"data": "empty"}
372	files?to_sign=POST%0A%0A%0A%0Ax-amz-date%3AFri%2C%2001%20Jul%202022%2015%3A43%3A21%20GMT%0A%2Fbucketdevel3tropal%2F3tr%2Ftest%2Ftestfile.csv_uploadedVersion_1.csv%3Fuploads&datetime=Fri,%2001%20Jul%202022%2015:43:21%20GMT&canonical_request=undefined	2022-07-01 15:43:21.115028	test	3tr,Opal-users	http://3tr.cnag.crg.dev/api/files?to_sign=POST%0A%0A%0A%0Ax-amz-date%3AFri%2C%2001%20Jul%202022%2015%3A43%3A21%20GMT%0A%2Fbucketdevel3tropal%2F3tr%2Ftest%2Ftestfile.csv_uploadedVersion_1.csv%3Fuploads&datetime=Fri,%2001%20Jul%202022%2015:43:21%20GMT&canonical_request=undefined	GET	{"data": "empty"}
374	files?to_sign=POST%0A%0A%0A%0Ax-amz-date%3AFri%2C%2001%20Jul%202022%2015%3A43%3A53%20GMT%0A%2Fbucketdevel3tropal%2F3tr%2Ftest%2Ftestfile.csv_uploadedVersion_1.csv%3Fuploads&datetime=Fri,%2001%20Jul%202022%2015:43:53%20GMT&canonical_request=undefined	2022-07-01 15:43:53.161618	test	3tr,Opal-users	http://3tr.cnag.crg.dev/api/files?to_sign=POST%0A%0A%0A%0Ax-amz-date%3AFri%2C%2001%20Jul%202022%2015%3A43%3A53%20GMT%0A%2Fbucketdevel3tropal%2F3tr%2Ftest%2Ftestfile.csv_uploadedVersion_1.csv%3Fuploads&datetime=Fri,%2001%20Jul%202022%2015:43:53%20GMT&canonical_request=undefined	GET	{"data": "empty"}
375	files?to_sign=POST%0A%0A%0A%0Ax-amz-date%3AFri%2C%2001%20Jul%202022%2015%3A44%3A57%20GMT%0A%2Fbucketdevel3tropal%2F3tr%2Ftest%2Ftestfile.csv_uploadedVersion_1.csv%3Fuploads&datetime=Fri,%2001%20Jul%202022%2015:44:57%20GMT&canonical_request=undefined	2022-07-01 15:44:57.26361	test	3tr,Opal-users	http://3tr.cnag.crg.dev/api/files?to_sign=POST%0A%0A%0A%0Ax-amz-date%3AFri%2C%2001%20Jul%202022%2015%3A44%3A57%20GMT%0A%2Fbucketdevel3tropal%2F3tr%2Ftest%2Ftestfile.csv_uploadedVersion_1.csv%3Fuploads&datetime=Fri,%2001%20Jul%202022%2015:44:57%20GMT&canonical_request=undefined	GET	{"data": "empty"}
376	files?to_sign=POST%0A%0A%0A%0Ax-amz-date%3AFri%2C%2001%20Jul%202022%2015%3A46%3A47%20GMT%0A%2Fbucketdevel3tropal%2F3tr%2Ftest%2Ftestfile.csv_uploadedVersion_1.csv%3Fuploads&datetime=Fri,%2001%20Jul%202022%2015:46:47%20GMT&canonical_request=undefined	2022-07-01 15:46:47.331589	test	3tr,Opal-users	http://3tr.cnag.crg.dev/api/files?to_sign=POST%0A%0A%0A%0Ax-amz-date%3AFri%2C%2001%20Jul%202022%2015%3A46%3A47%20GMT%0A%2Fbucketdevel3tropal%2F3tr%2Ftest%2Ftestfile.csv_uploadedVersion_1.csv%3Fuploads&datetime=Fri,%2001%20Jul%202022%2015:46:47%20GMT&canonical_request=undefined	GET	{"data": "empty"}
377	files?to_sign=POST%0A%0A%0A%0Ax-amz-date%3AFri%2C%2001%20Jul%202022%2015%3A47%3A05%20GMT%0A%2Fbucketdevel3tropal%2F3tr%2Ftest%2Ftestfile.csv_uploadedVersion_1.csv%3Fuploads&datetime=Fri,%2001%20Jul%202022%2015:47:05%20GMT&canonical_request=undefined	2022-07-01 15:47:05.401091	test	3tr,Opal-users	http://3tr.cnag.crg.dev/api/files?to_sign=POST%0A%0A%0A%0Ax-amz-date%3AFri%2C%2001%20Jul%202022%2015%3A47%3A05%20GMT%0A%2Fbucketdevel3tropal%2F3tr%2Ftest%2Ftestfile.csv_uploadedVersion_1.csv%3Fuploads&datetime=Fri,%2001%20Jul%202022%2015:47:05%20GMT&canonical_request=undefined	GET	{"data": "empty"}
378	files?to_sign=POST%0A%0A%0A%0Ax-amz-date%3AFri%2C%2001%20Jul%202022%2015%3A47%3A39%20GMT%0A%2Fbucketdevel3tropal%2F3tr%2Ftest%2Ftestfile.csv_uploadedVersion_1.csv%3Fuploads&datetime=Fri,%2001%20Jul%202022%2015:47:39%20GMT&canonical_request=undefined	2022-07-01 15:47:39.210729	test	3tr,Opal-users	http://3tr.cnag.crg.dev/api/files?to_sign=POST%0A%0A%0A%0Ax-amz-date%3AFri%2C%2001%20Jul%202022%2015%3A47%3A39%20GMT%0A%2Fbucketdevel3tropal%2F3tr%2Ftest%2Ftestfile.csv_uploadedVersion_1.csv%3Fuploads&datetime=Fri,%2001%20Jul%202022%2015:47:39%20GMT&canonical_request=undefined	GET	{"data": "empty"}
379	files?to_sign=POST%0A%0A%0A%0Ax-amz-date%3AFri%2C%2001%20Jul%202022%2015%3A48%3A07%20GMT%0A%2Fbucketdevel3tropal%2F3tr%2Ftest%2Ftestfile.csv_uploadedVersion_1.csv%3Fuploads&datetime=Fri,%2001%20Jul%202022%2015:48:07%20GMT&canonical_request=undefined	2022-07-01 15:48:07.280432	test	3tr,Opal-users	http://3tr.cnag.crg.dev/api/files?to_sign=POST%0A%0A%0A%0Ax-amz-date%3AFri%2C%2001%20Jul%202022%2015%3A48%3A07%20GMT%0A%2Fbucketdevel3tropal%2F3tr%2Ftest%2Ftestfile.csv_uploadedVersion_1.csv%3Fuploads&datetime=Fri,%2001%20Jul%202022%2015:48:07%20GMT&canonical_request=undefined	GET	{"data": "empty"}
380	files?to_sign=POST%0A%0A%0A%0Ax-amz-date%3AFri%2C%2001%20Jul%202022%2015%3A48%3A51%20GMT%0A%2Fbucketdevel3tropal%2F3tr%2Ftest%2Ftestfile.csv_uploadedVersion_1.csv%3Fuploads&datetime=Fri,%2001%20Jul%202022%2015:48:51%20GMT&canonical_request=undefined	2022-07-01 15:48:51.693336	test	3tr,Opal-users	http://3tr.cnag.crg.dev/api/files?to_sign=POST%0A%0A%0A%0Ax-amz-date%3AFri%2C%2001%20Jul%202022%2015%3A48%3A51%20GMT%0A%2Fbucketdevel3tropal%2F3tr%2Ftest%2Ftestfile.csv_uploadedVersion_1.csv%3Fuploads&datetime=Fri,%2001%20Jul%202022%2015:48:51%20GMT&canonical_request=undefined	GET	{"data": "empty"}
381	files?to_sign=POST%0A%0A%0A%0Ax-amz-date%3AFri%2C%2001%20Jul%202022%2015%3A51%3A21%20GMT%0A%2Fbucketdevel3tropal%2F3tr%2Ftest%2Ftestfile.csv_uploadedVersion_1.csv%3Fuploads&datetime=Fri,%2001%20Jul%202022%2015:51:21%20GMT&canonical_request=undefined	2022-07-01 15:51:21.831199	test	3tr,Opal-users	http://3tr.cnag.crg.dev/api/files?to_sign=POST%0A%0A%0A%0Ax-amz-date%3AFri%2C%2001%20Jul%202022%2015%3A51%3A21%20GMT%0A%2Fbucketdevel3tropal%2F3tr%2Ftest%2Ftestfile.csv_uploadedVersion_1.csv%3Fuploads&datetime=Fri,%2001%20Jul%202022%2015:51:21%20GMT&canonical_request=undefined	GET	{"data": "empty"}
382	files?to_sign=POST%0A%0A%0A%0Ax-amz-date%3AFri%2C%2001%20Jul%202022%2015%3A51%3A47%20GMT%0A%2Fbucketdevel3tropal%2F3tr%2Ftest%2Ftestfile.csv_uploadedVersion_1.csv%3Fuploads&datetime=Fri,%2001%20Jul%202022%2015:51:47%20GMT&canonical_request=undefined	2022-07-01 15:51:47.789949	test	3tr,Opal-users	http://3tr.cnag.crg.dev/api/files?to_sign=POST%0A%0A%0A%0Ax-amz-date%3AFri%2C%2001%20Jul%202022%2015%3A51%3A47%20GMT%0A%2Fbucketdevel3tropal%2F3tr%2Ftest%2Ftestfile.csv_uploadedVersion_1.csv%3Fuploads&datetime=Fri,%2001%20Jul%202022%2015:51:47%20GMT&canonical_request=undefined	GET	{"data": "empty"}
384	files?to_sign=POST%0A%0A%0A%0Ax-amz-date%3AFri%2C%2001%20Jul%202022%2015%3A53%3A07%20GMT%0A%2Fbucketdevel3tropal%2F3tr%2Ftest%2Ftestfile.csv_uploadedVersion_1.csv%3Fuploads&datetime=Fri,%2001%20Jul%202022%2015:53:07%20GMT&canonical_request=undefined	2022-07-01 15:53:07.684065	test	3tr,Opal-users	http://3tr.cnag.crg.dev/api/files?to_sign=POST%0A%0A%0A%0Ax-amz-date%3AFri%2C%2001%20Jul%202022%2015%3A53%3A07%20GMT%0A%2Fbucketdevel3tropal%2F3tr%2Ftest%2Ftestfile.csv_uploadedVersion_1.csv%3Fuploads&datetime=Fri,%2001%20Jul%202022%2015:53:07%20GMT&canonical_request=undefined	GET	{"data": "empty"}
387	files?to_sign=POST%0A%0A%0A%0Ax-amz-date%3AFri%2C%2001%20Jul%202022%2015%3A56%3A48%20GMT%0A%2Fbucketdevel3tropal%2F3tr%2Ftest%2Ftestfile.csv_uploadedVersion_1.csv%3Fuploads&datetime=Fri,%2001%20Jul%202022%2015:56:48%20GMT&canonical_request=undefined	2022-07-01 15:56:48.160366	test	3tr,Opal-users	http://3tr.cnag.crg.dev/api/files?to_sign=POST%0A%0A%0A%0Ax-amz-date%3AFri%2C%2001%20Jul%202022%2015%3A56%3A48%20GMT%0A%2Fbucketdevel3tropal%2F3tr%2Ftest%2Ftestfile.csv_uploadedVersion_1.csv%3Fuploads&datetime=Fri,%2001%20Jul%202022%2015:56:48%20GMT&canonical_request=undefined	GET	{"data": "empty"}
389	files?to_sign=POST%0A%0A%0A%0Ax-amz-date%3AFri%2C%2001%20Jul%202022%2015%3A58%3A08%20GMT%0A%2Fbucketdevel3tropal%2F3tr%2Ftest%2Ftestfile.csv_uploadedVersion_1.csv%3Fuploads&datetime=Fri,%2001%20Jul%202022%2015:58:08%20GMT&canonical_request=undefined	2022-07-01 15:58:08.101078	test	3tr,Opal-users	http://3tr.cnag.crg.dev/api/files?to_sign=POST%0A%0A%0A%0Ax-amz-date%3AFri%2C%2001%20Jul%202022%2015%3A58%3A08%20GMT%0A%2Fbucketdevel3tropal%2F3tr%2Ftest%2Ftestfile.csv_uploadedVersion_1.csv%3Fuploads&datetime=Fri,%2001%20Jul%202022%2015:58:08%20GMT&canonical_request=undefined	GET	{"data": "empty"}
391	files?to_sign=POST%0A%0A%0A%0Ax-amz-date%3AFri%2C%2001%20Jul%202022%2016%3A01%3A22%20GMT%0A%2Fbucketdevel3tropal%2F3tr%2Ftest%2Ftestfile.csv_uploadedVersion_1.csv%3Fuploads&datetime=Fri,%2001%20Jul%202022%2016:01:22%20GMT&canonical_request=undefined	2022-07-01 16:01:22.543579	test	3tr,Opal-users	http://3tr.cnag.crg.dev/api/files?to_sign=POST%0A%0A%0A%0Ax-amz-date%3AFri%2C%2001%20Jul%202022%2016%3A01%3A22%20GMT%0A%2Fbucketdevel3tropal%2F3tr%2Ftest%2Ftestfile.csv_uploadedVersion_1.csv%3Fuploads&datetime=Fri,%2001%20Jul%202022%2016:01:22%20GMT&canonical_request=undefined	GET	{"data": "empty"}
396	files?to_sign=POST%0A%0A%0A%0Ax-amz-date%3AFri%2C%2001%20Jul%202022%2016%3A06%3A22%20GMT%0A%2Fbucketdevel3tropal%2F3tr%2Ftest%2Ftestfile.csv_uploadedVersion_1.csv%3Fuploads&datetime=Fri,%2001%20Jul%202022%2016:06:22%20GMT&canonical_request=undefined	2022-07-01 16:06:22.865147	test	3tr,Opal-users	http://3tr.cnag.crg.dev/api/files?to_sign=POST%0A%0A%0A%0Ax-amz-date%3AFri%2C%2001%20Jul%202022%2016%3A06%3A22%20GMT%0A%2Fbucketdevel3tropal%2F3tr%2Ftest%2Ftestfile.csv_uploadedVersion_1.csv%3Fuploads&datetime=Fri,%2001%20Jul%202022%2016:06:22%20GMT&canonical_request=undefined	GET	{"data": "empty"}
398	files?to_sign=POST%0A%0A%0A%0Ax-amz-date%3AFri%2C%2001%20Jul%202022%2016%3A07%3A41%20GMT%0A%2Fbucketdevel3tropal%2F3tr%2Ftest%2Ftestfile.csv_uploadedVersion_1.csv%3Fuploads&datetime=Fri,%2001%20Jul%202022%2016:07:41%20GMT&canonical_request=undefined	2022-07-01 16:07:41.041397	test	3tr,Opal-users	http://3tr.cnag.crg.dev/api/files?to_sign=POST%0A%0A%0A%0Ax-amz-date%3AFri%2C%2001%20Jul%202022%2016%3A07%3A41%20GMT%0A%2Fbucketdevel3tropal%2F3tr%2Ftest%2Ftestfile.csv_uploadedVersion_1.csv%3Fuploads&datetime=Fri,%2001%20Jul%202022%2016:07:41%20GMT&canonical_request=undefined	GET	{"data": "empty"}
399	files?to_sign=POST%0A%0A%0A%0Ax-amz-date%3AFri%2C%2001%20Jul%202022%2016%3A08%3A09%20GMT%0A%2Fbucketdevel3tropal%2F3tr%2Ftest%2Ftestfile.csv_uploadedVersion_1.csv%3Fuploads&datetime=Fri,%2001%20Jul%202022%2016:08:09%20GMT&canonical_request=undefined	2022-07-01 16:08:09.090755	test	3tr,Opal-users	http://3tr.cnag.crg.dev/api/files?to_sign=POST%0A%0A%0A%0Ax-amz-date%3AFri%2C%2001%20Jul%202022%2016%3A08%3A09%20GMT%0A%2Fbucketdevel3tropal%2F3tr%2Ftest%2Ftestfile.csv_uploadedVersion_1.csv%3Fuploads&datetime=Fri,%2001%20Jul%202022%2016:08:09%20GMT&canonical_request=undefined	GET	{"data": "empty"}
400	files?to_sign=POST%0A%0A%0A%0Ax-amz-date%3AFri%2C%2001%20Jul%202022%2016%3A08%3A52%20GMT%0A%2Fbucketdevel3tropal%2F3tr%2Ftest%2Ftestfile.csv_uploadedVersion_1.csv%3Fuploads&datetime=Fri,%2001%20Jul%202022%2016:08:52%20GMT&canonical_request=undefined	2022-07-01 16:08:52.828741	test	3tr,Opal-users	http://3tr.cnag.crg.dev/api/files?to_sign=POST%0A%0A%0A%0Ax-amz-date%3AFri%2C%2001%20Jul%202022%2016%3A08%3A52%20GMT%0A%2Fbucketdevel3tropal%2F3tr%2Ftest%2Ftestfile.csv_uploadedVersion_1.csv%3Fuploads&datetime=Fri,%2001%20Jul%202022%2016:08:52%20GMT&canonical_request=undefined	GET	{"data": "empty"}
401	files?to_sign=POST%0A%0A%0A%0Ax-amz-date%3AFri%2C%2001%20Jul%202022%2016%3A11%3A23%20GMT%0A%2Fbucketdevel3tropal%2F3tr%2Ftest%2Ftestfile.csv_uploadedVersion_1.csv%3Fuploads&datetime=Fri,%2001%20Jul%202022%2016:11:23%20GMT&canonical_request=undefined	2022-07-01 16:11:23.148746	test	3tr,Opal-users	http://3tr.cnag.crg.dev/api/files?to_sign=POST%0A%0A%0A%0Ax-amz-date%3AFri%2C%2001%20Jul%202022%2016%3A11%3A23%20GMT%0A%2Fbucketdevel3tropal%2F3tr%2Ftest%2Ftestfile.csv_uploadedVersion_1.csv%3Fuploads&datetime=Fri,%2001%20Jul%202022%2016:11:23%20GMT&canonical_request=undefined	GET	{"data": "empty"}
402	files?to_sign=POST%0A%0A%0A%0Ax-amz-date%3AFri%2C%2001%20Jul%202022%2016%3A11%3A49%20GMT%0A%2Fbucketdevel3tropal%2F3tr%2Ftest%2Ftestfile.csv_uploadedVersion_1.csv%3Fuploads&datetime=Fri,%2001%20Jul%202022%2016:11:49%20GMT&canonical_request=undefined	2022-07-01 16:11:49.322554	test	3tr,Opal-users	http://3tr.cnag.crg.dev/api/files?to_sign=POST%0A%0A%0A%0Ax-amz-date%3AFri%2C%2001%20Jul%202022%2016%3A11%3A49%20GMT%0A%2Fbucketdevel3tropal%2F3tr%2Ftest%2Ftestfile.csv_uploadedVersion_1.csv%3Fuploads&datetime=Fri,%2001%20Jul%202022%2016:11:49%20GMT&canonical_request=undefined	GET	{"data": "empty"}
403	files?to_sign=POST%0A%0A%0A%0Ax-amz-date%3AFri%2C%2001%20Jul%202022%2016%3A12%3A41%20GMT%0A%2Fbucketdevel3tropal%2F3tr%2Ftest%2Ftestfile.csv_uploadedVersion_1.csv%3Fuploads&datetime=Fri,%2001%20Jul%202022%2016:12:41%20GMT&canonical_request=undefined	2022-07-01 16:12:41.602771	test	3tr,Opal-users	http://3tr.cnag.crg.dev/api/files?to_sign=POST%0A%0A%0A%0Ax-amz-date%3AFri%2C%2001%20Jul%202022%2016%3A12%3A41%20GMT%0A%2Fbucketdevel3tropal%2F3tr%2Ftest%2Ftestfile.csv_uploadedVersion_1.csv%3Fuploads&datetime=Fri,%2001%20Jul%202022%2016:12:41%20GMT&canonical_request=undefined	GET	{"data": "empty"}
404	files?to_sign=POST%0A%0A%0A%0Ax-amz-date%3AFri%2C%2001%20Jul%202022%2016%3A13%3A09%20GMT%0A%2Fbucketdevel3tropal%2F3tr%2Ftest%2Ftestfile.csv_uploadedVersion_1.csv%3Fuploads&datetime=Fri,%2001%20Jul%202022%2016:13:09%20GMT&canonical_request=undefined	2022-07-01 16:13:09.635081	test	3tr,Opal-users	http://3tr.cnag.crg.dev/api/files?to_sign=POST%0A%0A%0A%0Ax-amz-date%3AFri%2C%2001%20Jul%202022%2016%3A13%3A09%20GMT%0A%2Fbucketdevel3tropal%2F3tr%2Ftest%2Ftestfile.csv_uploadedVersion_1.csv%3Fuploads&datetime=Fri,%2001%20Jul%202022%2016:13:09%20GMT&canonical_request=undefined	GET	{"data": "empty"}
408	files?to_sign=POST%0A%0A%0A%0Ax-amz-date%3AFri%2C%2001%20Jul%202022%2016%3A17%3A41%20GMT%0A%2Fbucketdevel3tropal%2F3tr%2Ftest%2Ftestfile.csv_uploadedVersion_1.csv%3Fuploads&datetime=Fri,%2001%20Jul%202022%2016:17:41%20GMT&canonical_request=undefined	2022-07-01 16:17:42.014761	test	3tr,Opal-users	http://3tr.cnag.crg.dev/api/files?to_sign=POST%0A%0A%0A%0Ax-amz-date%3AFri%2C%2001%20Jul%202022%2016%3A17%3A41%20GMT%0A%2Fbucketdevel3tropal%2F3tr%2Ftest%2Ftestfile.csv_uploadedVersion_1.csv%3Fuploads&datetime=Fri,%2001%20Jul%202022%2016:17:41%20GMT&canonical_request=undefined	GET	{"data": "empty"}
393	files?to_sign=POST%0A%0A%0A%0Ax-amz-date%3AFri%2C%2001%20Jul%202022%2016%3A02%3A40%20GMT%0A%2Fbucketdevel3tropal%2F3tr%2Ftest%2Ftestfile.csv_uploadedVersion_1.csv%3Fuploads&datetime=Fri,%2001%20Jul%202022%2016:02:40%20GMT&canonical_request=undefined	2022-07-01 16:02:40.589292	test	3tr,Opal-users	http://3tr.cnag.crg.dev/api/files?to_sign=POST%0A%0A%0A%0Ax-amz-date%3AFri%2C%2001%20Jul%202022%2016%3A02%3A40%20GMT%0A%2Fbucketdevel3tropal%2F3tr%2Ftest%2Ftestfile.csv_uploadedVersion_1.csv%3Fuploads&datetime=Fri,%2001%20Jul%202022%2016:02:40%20GMT&canonical_request=undefined	GET	{"data": "empty"}
394	files?to_sign=POST%0A%0A%0A%0Ax-amz-date%3AFri%2C%2001%20Jul%202022%2016%3A03%3A08%20GMT%0A%2Fbucketdevel3tropal%2F3tr%2Ftest%2Ftestfile.csv_uploadedVersion_1.csv%3Fuploads&datetime=Fri,%2001%20Jul%202022%2016:03:08%20GMT&canonical_request=undefined	2022-07-01 16:03:08.679401	test	3tr,Opal-users	http://3tr.cnag.crg.dev/api/files?to_sign=POST%0A%0A%0A%0Ax-amz-date%3AFri%2C%2001%20Jul%202022%2016%3A03%3A08%20GMT%0A%2Fbucketdevel3tropal%2F3tr%2Ftest%2Ftestfile.csv_uploadedVersion_1.csv%3Fuploads&datetime=Fri,%2001%20Jul%202022%2016:03:08%20GMT&canonical_request=undefined	GET	{"data": "empty"}
395	files?to_sign=POST%0A%0A%0A%0Ax-amz-date%3AFri%2C%2001%20Jul%202022%2016%3A03%3A52%20GMT%0A%2Fbucketdevel3tropal%2F3tr%2Ftest%2Ftestfile.csv_uploadedVersion_1.csv%3Fuploads&datetime=Fri,%2001%20Jul%202022%2016:03:52%20GMT&canonical_request=undefined	2022-07-01 16:03:52.58072	test	3tr,Opal-users	http://3tr.cnag.crg.dev/api/files?to_sign=POST%0A%0A%0A%0Ax-amz-date%3AFri%2C%2001%20Jul%202022%2016%3A03%3A52%20GMT%0A%2Fbucketdevel3tropal%2F3tr%2Ftest%2Ftestfile.csv_uploadedVersion_1.csv%3Fuploads&datetime=Fri,%2001%20Jul%202022%2016:03:52%20GMT&canonical_request=undefined	GET	{"data": "empty"}
397	files?to_sign=POST%0A%0A%0A%0Ax-amz-date%3AFri%2C%2001%20Jul%202022%2016%3A06%3A48%20GMT%0A%2Fbucketdevel3tropal%2F3tr%2Ftest%2Ftestfile.csv_uploadedVersion_1.csv%3Fuploads&datetime=Fri,%2001%20Jul%202022%2016:06:48%20GMT&canonical_request=undefined	2022-07-01 16:06:48.933168	test	3tr,Opal-users	http://3tr.cnag.crg.dev/api/files?to_sign=POST%0A%0A%0A%0Ax-amz-date%3AFri%2C%2001%20Jul%202022%2016%3A06%3A48%20GMT%0A%2Fbucketdevel3tropal%2F3tr%2Ftest%2Ftestfile.csv_uploadedVersion_1.csv%3Fuploads&datetime=Fri,%2001%20Jul%202022%2016:06:48%20GMT&canonical_request=undefined	GET	{"data": "empty"}
405	files?to_sign=POST%0A%0A%0A%0Ax-amz-date%3AFri%2C%2001%20Jul%202022%2016%3A13%3A53%20GMT%0A%2Fbucketdevel3tropal%2F3tr%2Ftest%2Ftestfile.csv_uploadedVersion_1.csv%3Fuploads&datetime=Fri,%2001%20Jul%202022%2016:13:53%20GMT&canonical_request=undefined	2022-07-01 16:13:53.12521	test	3tr,Opal-users	http://3tr.cnag.crg.dev/api/files?to_sign=POST%0A%0A%0A%0Ax-amz-date%3AFri%2C%2001%20Jul%202022%2016%3A13%3A53%20GMT%0A%2Fbucketdevel3tropal%2F3tr%2Ftest%2Ftestfile.csv_uploadedVersion_1.csv%3Fuploads&datetime=Fri,%2001%20Jul%202022%2016:13:53%20GMT&canonical_request=undefined	GET	{"data": "empty"}
406	files?to_sign=POST%0A%0A%0A%0Ax-amz-date%3AFri%2C%2001%20Jul%202022%2016%3A16%3A23%20GMT%0A%2Fbucketdevel3tropal%2F3tr%2Ftest%2Ftestfile.csv_uploadedVersion_1.csv%3Fuploads&datetime=Fri,%2001%20Jul%202022%2016:16:23%20GMT&canonical_request=undefined	2022-07-01 16:16:23.48396	test	3tr,Opal-users	http://3tr.cnag.crg.dev/api/files?to_sign=POST%0A%0A%0A%0Ax-amz-date%3AFri%2C%2001%20Jul%202022%2016%3A16%3A23%20GMT%0A%2Fbucketdevel3tropal%2F3tr%2Ftest%2Ftestfile.csv_uploadedVersion_1.csv%3Fuploads&datetime=Fri,%2001%20Jul%202022%2016:16:23%20GMT&canonical_request=undefined	GET	{"data": "empty"}
407	files?to_sign=POST%0A%0A%0A%0Ax-amz-date%3AFri%2C%2001%20Jul%202022%2016%3A16%3A49%20GMT%0A%2Fbucketdevel3tropal%2F3tr%2Ftest%2Ftestfile.csv_uploadedVersion_1.csv%3Fuploads&datetime=Fri,%2001%20Jul%202022%2016:16:49%20GMT&canonical_request=undefined	2022-07-01 16:16:49.668955	test	3tr,Opal-users	http://3tr.cnag.crg.dev/api/files?to_sign=POST%0A%0A%0A%0Ax-amz-date%3AFri%2C%2001%20Jul%202022%2016%3A16%3A49%20GMT%0A%2Fbucketdevel3tropal%2F3tr%2Ftest%2Ftestfile.csv_uploadedVersion_1.csv%3Fuploads&datetime=Fri,%2001%20Jul%202022%2016:16:49%20GMT&canonical_request=undefined	GET	{"data": "empty"}
409	files?to_sign=POST%0A%0A%0A%0Ax-amz-date%3AFri%2C%2001%20Jul%202022%2016%3A18%3A10%20GMT%0A%2Fbucketdevel3tropal%2F3tr%2Ftest%2Ftestfile.csv_uploadedVersion_1.csv%3Fuploads&datetime=Fri,%2001%20Jul%202022%2016:18:10%20GMT&canonical_request=undefined	2022-07-01 16:18:10.049283	test	3tr,Opal-users	http://3tr.cnag.crg.dev/api/files?to_sign=POST%0A%0A%0A%0Ax-amz-date%3AFri%2C%2001%20Jul%202022%2016%3A18%3A10%20GMT%0A%2Fbucketdevel3tropal%2F3tr%2Ftest%2Ftestfile.csv_uploadedVersion_1.csv%3Fuploads&datetime=Fri,%2001%20Jul%202022%2016:18:10%20GMT&canonical_request=undefined	GET	{"data": "empty"}
411	files?to_sign=POST%0A%0A%0A%0Ax-amz-date%3AFri%2C%2001%20Jul%202022%2016%3A21%3A23%20GMT%0A%2Fbucketdevel3tropal%2F3tr%2Ftest%2Ftestfile.csv_uploadedVersion_1.csv%3Fuploads&datetime=Fri,%2001%20Jul%202022%2016:21:23%20GMT&canonical_request=undefined	2022-07-01 16:21:23.76769	test	3tr,Opal-users	http://3tr.cnag.crg.dev/api/files?to_sign=POST%0A%0A%0A%0Ax-amz-date%3AFri%2C%2001%20Jul%202022%2016%3A21%3A23%20GMT%0A%2Fbucketdevel3tropal%2F3tr%2Ftest%2Ftestfile.csv_uploadedVersion_1.csv%3Fuploads&datetime=Fri,%2001%20Jul%202022%2016:21:23%20GMT&canonical_request=undefined	GET	{"data": "empty"}
412	files?to_sign=POST%0A%0A%0A%0Ax-amz-date%3AFri%2C%2001%20Jul%202022%2016%3A21%3A49%20GMT%0A%2Fbucketdevel3tropal%2F3tr%2Ftest%2Ftestfile.csv_uploadedVersion_1.csv%3Fuploads&datetime=Fri,%2001%20Jul%202022%2016:21:49%20GMT&canonical_request=undefined	2022-07-01 16:21:49.991326	test	3tr,Opal-users	http://3tr.cnag.crg.dev/api/files?to_sign=POST%0A%0A%0A%0Ax-amz-date%3AFri%2C%2001%20Jul%202022%2016%3A21%3A49%20GMT%0A%2Fbucketdevel3tropal%2F3tr%2Ftest%2Ftestfile.csv_uploadedVersion_1.csv%3Fuploads&datetime=Fri,%2001%20Jul%202022%2016:21:49%20GMT&canonical_request=undefined	GET	{"data": "empty"}
414	files?to_sign=POST%0A%0A%0A%0Ax-amz-date%3AFri%2C%2001%20Jul%202022%2016%3A23%3A10%20GMT%0A%2Fbucketdevel3tropal%2F3tr%2Ftest%2Ftestfile.csv_uploadedVersion_1.csv%3Fuploads&datetime=Fri,%2001%20Jul%202022%2016:23:10%20GMT&canonical_request=undefined	2022-07-01 16:23:10.377623	test	3tr,Opal-users	http://3tr.cnag.crg.dev/api/files?to_sign=POST%0A%0A%0A%0Ax-amz-date%3AFri%2C%2001%20Jul%202022%2016%3A23%3A10%20GMT%0A%2Fbucketdevel3tropal%2F3tr%2Ftest%2Ftestfile.csv_uploadedVersion_1.csv%3Fuploads&datetime=Fri,%2001%20Jul%202022%2016:23:10%20GMT&canonical_request=undefined	GET	{"data": "empty"}
418	files?to_sign=POST%0A%0A%0A%0Ax-amz-date%3AFri%2C%2001%20Jul%202022%2016%3A27%3A42%20GMT%0A%2Fbucketdevel3tropal%2F3tr%2Ftest%2Ftestfile.csv_uploadedVersion_1.csv%3Fuploads&datetime=Fri,%2001%20Jul%202022%2016:27:42%20GMT&canonical_request=undefined	2022-07-01 16:27:42.756399	test	3tr,Opal-users	http://3tr.cnag.crg.dev/api/files?to_sign=POST%0A%0A%0A%0Ax-amz-date%3AFri%2C%2001%20Jul%202022%2016%3A27%3A42%20GMT%0A%2Fbucketdevel3tropal%2F3tr%2Ftest%2Ftestfile.csv_uploadedVersion_1.csv%3Fuploads&datetime=Fri,%2001%20Jul%202022%2016:27:42%20GMT&canonical_request=undefined	GET	{"data": "empty"}
410	files?to_sign=POST%0A%0A%0A%0Ax-amz-date%3AFri%2C%2001%20Jul%202022%2016%3A18%3A53%20GMT%0A%2Fbucketdevel3tropal%2F3tr%2Ftest%2Ftestfile.csv_uploadedVersion_1.csv%3Fuploads&datetime=Fri,%2001%20Jul%202022%2016:18:53%20GMT&canonical_request=undefined	2022-07-01 16:18:53.376113	test	3tr,Opal-users	http://3tr.cnag.crg.dev/api/files?to_sign=POST%0A%0A%0A%0Ax-amz-date%3AFri%2C%2001%20Jul%202022%2016%3A18%3A53%20GMT%0A%2Fbucketdevel3tropal%2F3tr%2Ftest%2Ftestfile.csv_uploadedVersion_1.csv%3Fuploads&datetime=Fri,%2001%20Jul%202022%2016:18:53%20GMT&canonical_request=undefined	GET	{"data": "empty"}
413	files?to_sign=POST%0A%0A%0A%0Ax-amz-date%3AFri%2C%2001%20Jul%202022%2016%3A22%3A42%20GMT%0A%2Fbucketdevel3tropal%2F3tr%2Ftest%2Ftestfile.csv_uploadedVersion_1.csv%3Fuploads&datetime=Fri,%2001%20Jul%202022%2016:22:42%20GMT&canonical_request=undefined	2022-07-01 16:22:42.337535	test	3tr,Opal-users	http://3tr.cnag.crg.dev/api/files?to_sign=POST%0A%0A%0A%0Ax-amz-date%3AFri%2C%2001%20Jul%202022%2016%3A22%3A42%20GMT%0A%2Fbucketdevel3tropal%2F3tr%2Ftest%2Ftestfile.csv_uploadedVersion_1.csv%3Fuploads&datetime=Fri,%2001%20Jul%202022%2016:22:42%20GMT&canonical_request=undefined	GET	{"data": "empty"}
415	files?to_sign=POST%0A%0A%0A%0Ax-amz-date%3AFri%2C%2001%20Jul%202022%2016%3A23%3A53%20GMT%0A%2Fbucketdevel3tropal%2F3tr%2Ftest%2Ftestfile.csv_uploadedVersion_1.csv%3Fuploads&datetime=Fri,%2001%20Jul%202022%2016:23:53%20GMT&canonical_request=undefined	2022-07-01 16:23:53.623959	test	3tr,Opal-users	http://3tr.cnag.crg.dev/api/files?to_sign=POST%0A%0A%0A%0Ax-amz-date%3AFri%2C%2001%20Jul%202022%2016%3A23%3A53%20GMT%0A%2Fbucketdevel3tropal%2F3tr%2Ftest%2Ftestfile.csv_uploadedVersion_1.csv%3Fuploads&datetime=Fri,%2001%20Jul%202022%2016:23:53%20GMT&canonical_request=undefined	GET	{"data": "empty"}
416	files?to_sign=POST%0A%0A%0A%0Ax-amz-date%3AFri%2C%2001%20Jul%202022%2016%3A26%3A23%20GMT%0A%2Fbucketdevel3tropal%2F3tr%2Ftest%2Ftestfile.csv_uploadedVersion_1.csv%3Fuploads&datetime=Fri,%2001%20Jul%202022%2016:26:23%20GMT&canonical_request=undefined	2022-07-01 16:26:23.995128	test	3tr,Opal-users	http://3tr.cnag.crg.dev/api/files?to_sign=POST%0A%0A%0A%0Ax-amz-date%3AFri%2C%2001%20Jul%202022%2016%3A26%3A23%20GMT%0A%2Fbucketdevel3tropal%2F3tr%2Ftest%2Ftestfile.csv_uploadedVersion_1.csv%3Fuploads&datetime=Fri,%2001%20Jul%202022%2016:26:23%20GMT&canonical_request=undefined	GET	{"data": "empty"}
417	files?to_sign=POST%0A%0A%0A%0Ax-amz-date%3AFri%2C%2001%20Jul%202022%2016%3A26%3A50%20GMT%0A%2Fbucketdevel3tropal%2F3tr%2Ftest%2Ftestfile.csv_uploadedVersion_1.csv%3Fuploads&datetime=Fri,%2001%20Jul%202022%2016:26:50%20GMT&canonical_request=undefined	2022-07-01 16:26:50.294451	test	3tr,Opal-users	http://3tr.cnag.crg.dev/api/files?to_sign=POST%0A%0A%0A%0Ax-amz-date%3AFri%2C%2001%20Jul%202022%2016%3A26%3A50%20GMT%0A%2Fbucketdevel3tropal%2F3tr%2Ftest%2Ftestfile.csv_uploadedVersion_1.csv%3Fuploads&datetime=Fri,%2001%20Jul%202022%2016:26:50%20GMT&canonical_request=undefined	GET	{"data": "empty"}
419	files?to_sign=POST%0A%0A%0A%0Ax-amz-date%3AFri%2C%2001%20Jul%202022%2016%3A28%3A10%20GMT%0A%2Fbucketdevel3tropal%2F3tr%2Ftest%2Ftestfile.csv_uploadedVersion_1.csv%3Fuploads&datetime=Fri,%2001%20Jul%202022%2016:28:10%20GMT&canonical_request=undefined	2022-07-01 16:28:10.792657	test	3tr,Opal-users	http://3tr.cnag.crg.dev/api/files?to_sign=POST%0A%0A%0A%0Ax-amz-date%3AFri%2C%2001%20Jul%202022%2016%3A28%3A10%20GMT%0A%2Fbucketdevel3tropal%2F3tr%2Ftest%2Ftestfile.csv_uploadedVersion_1.csv%3Fuploads&datetime=Fri,%2001%20Jul%202022%2016:28:10%20GMT&canonical_request=undefined	GET	{"data": "empty"}
420	files?to_sign=POST%0A%0A%0A%0Ax-amz-date%3AFri%2C%2001%20Jul%202022%2016%3A28%3A53%20GMT%0A%2Fbucketdevel3tropal%2F3tr%2Ftest%2Ftestfile.csv_uploadedVersion_1.csv%3Fuploads&datetime=Fri,%2001%20Jul%202022%2016:28:53%20GMT&canonical_request=undefined	2022-07-01 16:28:53.873923	test	3tr,Opal-users	http://3tr.cnag.crg.dev/api/files?to_sign=POST%0A%0A%0A%0Ax-amz-date%3AFri%2C%2001%20Jul%202022%2016%3A28%3A53%20GMT%0A%2Fbucketdevel3tropal%2F3tr%2Ftest%2Ftestfile.csv_uploadedVersion_1.csv%3Fuploads&datetime=Fri,%2001%20Jul%202022%2016:28:53%20GMT&canonical_request=undefined	GET	{"data": "empty"}
\.


--
-- Data for Name: project_dataset; Type: TABLE DATA; Schema: public; Owner: devel_omicsdm_3tr_rw
--

COPY public.project_dataset (project_id, dataset_id) FROM stdin;
3	361
3	362
2	363
2	364
\.


--
-- Data for Name: projects; Type: TABLE DATA; Schema: public; Owner: devel_omicsdm_3tr_rw
--

COPY public.projects (id, project_id, name, description, created_at, last_updated_at, last_updated_by, last_update, owners, extra_cols) FROM stdin;
3	proj12	project1	\N	2022-06-28 12:46:43.297106	\N	\N	\N	{33}	{"diseases": "ASTHMA", "logo_url": "https://www.google.com/", "description": "lorem ipsum", "file_dl_allowed": true, "dataset_visibility_default": "visible to all", "dataset_visibility_changeable": false}
4	proj23	project2	\N	2022-06-28 12:46:43.424146	\N	\N	\N	{34}	{"diseases": "COPD, RA", "logo_url": "https://www.google.com/", "description": "lorem ipsum", "file_dl_allowed": false, "dataset_visibility_default": "private", "dataset_visibility_changeable": true}
2	test	test		2022-05-24 12:19:43.716224	\N	\N	\N	{33}	{"diseases": "COPD, RA", "logo_url": "https://www.google.com/", "description": "lorem ipsum", "file_dl_allowed": true, "dataset_visibility_default": "visible to all", "dataset_visibility_changeable": true}
1	proj1	proj1		2022-05-23 07:08:21.01222	\N	\N	\N	{33}	{"diseases": "COPD, RA", "logo_url": "https://www.google.com/", "description": "lorem ipsum", "file_dl_allowed": true, "dataset_visibility_default": "visible to all", "dataset_visibility_changeable": true}
\.


--
-- Name: analyses_id_seq; Type: SEQUENCE SET; Schema: public; Owner: devel_omicsdm_3tr_rw
--

SELECT pg_catalog.setval('public.analyses_id_seq', 1, false);


--
-- Name: datasets_id_seq; Type: SEQUENCE SET; Schema: public; Owner: devel_omicsdm_3tr_rw
--

SELECT pg_catalog.setval('public.datasets_id_seq', 364, true);


--
-- Name: files_id_seq; Type: SEQUENCE SET; Schema: public; Owner: devel_omicsdm_3tr_rw
--

SELECT pg_catalog.setval('public.files_id_seq', 91, true);


--
-- Name: group_id_seq; Type: SEQUENCE SET; Schema: public; Owner: devel_omicsdm_3tr_rw
--

SELECT pg_catalog.setval('public.group_id_seq', 43, true);


--
-- Name: history_id_seq; Type: SEQUENCE SET; Schema: public; Owner: devel_omicsdm_3tr_rw
--

SELECT pg_catalog.setval('public.history_id_seq', 420, true);


--
-- Name: projects_id_seq; Type: SEQUENCE SET; Schema: public; Owner: devel_omicsdm_3tr_rw
--

SELECT pg_catalog.setval('public.projects_id_seq', 4, true);


--
-- Name: analyses analyses_pkey; Type: CONSTRAINT; Schema: public; Owner: devel_omicsdm_3tr_rw
--

ALTER TABLE ONLY public.analyses
    ADD CONSTRAINT analyses_pkey PRIMARY KEY (id);


--
-- Name: analysis_group analysis_group_pkey; Type: CONSTRAINT; Schema: public; Owner: devel_omicsdm_3tr_rw
--

ALTER TABLE ONLY public.analysis_group
    ADD CONSTRAINT analysis_group_pkey PRIMARY KEY (analysis_id, group_id);


--
-- Name: dataset_group dataset_group_pkey; Type: CONSTRAINT; Schema: public; Owner: devel_omicsdm_3tr_rw
--

ALTER TABLE ONLY public.dataset_group
    ADD CONSTRAINT dataset_group_pkey PRIMARY KEY (dataset_id, group_id);


--
-- Name: datasets datasets_pkey; Type: CONSTRAINT; Schema: public; Owner: devel_omicsdm_3tr_rw
--

ALTER TABLE ONLY public.datasets
    ADD CONSTRAINT datasets_pkey PRIMARY KEY (id);


--
-- Name: files files_pkey; Type: CONSTRAINT; Schema: public; Owner: devel_omicsdm_3tr_rw
--

ALTER TABLE ONLY public.files
    ADD CONSTRAINT files_pkey PRIMARY KEY (id, dataset_id);


--
-- Name: group group_pkey; Type: CONSTRAINT; Schema: public; Owner: devel_omicsdm_3tr_rw
--

ALTER TABLE ONLY public."group"
    ADD CONSTRAINT group_pkey PRIMARY KEY (id);


--
-- Name: history history_pkey; Type: CONSTRAINT; Schema: public; Owner: devel_omicsdm_3tr_rw
--

ALTER TABLE ONLY public.history
    ADD CONSTRAINT history_pkey PRIMARY KEY (id);


--
-- Name: project_dataset project_dataset_pkey; Type: CONSTRAINT; Schema: public; Owner: devel_omicsdm_3tr_rw
--

ALTER TABLE ONLY public.project_dataset
    ADD CONSTRAINT project_dataset_pkey PRIMARY KEY (project_id, dataset_id);


--
-- Name: projects projects_pkey; Type: CONSTRAINT; Schema: public; Owner: devel_omicsdm_3tr_rw
--

ALTER TABLE ONLY public.projects
    ADD CONSTRAINT projects_pkey PRIMARY KEY (id);


--
-- Name: analysis_group analysis_group_analysis_id_fkey; Type: FK CONSTRAINT; Schema: public; Owner: devel_omicsdm_3tr_rw
--

ALTER TABLE ONLY public.analysis_group
    ADD CONSTRAINT analysis_group_analysis_id_fkey FOREIGN KEY (analysis_id) REFERENCES public.analyses(id);


--
-- Name: analysis_group analysis_group_group_id_fkey; Type: FK CONSTRAINT; Schema: public; Owner: devel_omicsdm_3tr_rw
--

ALTER TABLE ONLY public.analysis_group
    ADD CONSTRAINT analysis_group_group_id_fkey FOREIGN KEY (group_id) REFERENCES public."group"(id);


--
-- Name: dataset_group dataset_group_dataset_id_fkey; Type: FK CONSTRAINT; Schema: public; Owner: devel_omicsdm_3tr_rw
--

ALTER TABLE ONLY public.dataset_group
    ADD CONSTRAINT dataset_group_dataset_id_fkey FOREIGN KEY (dataset_id) REFERENCES public.datasets(id);


--
-- Name: dataset_group dataset_group_group_id_fkey; Type: FK CONSTRAINT; Schema: public; Owner: devel_omicsdm_3tr_rw
--

ALTER TABLE ONLY public.dataset_group
    ADD CONSTRAINT dataset_group_group_id_fkey FOREIGN KEY (group_id) REFERENCES public."group"(id);


--
-- Name: files files_dataset_id_fkey; Type: FK CONSTRAINT; Schema: public; Owner: devel_omicsdm_3tr_rw
--

ALTER TABLE ONLY public.files
    ADD CONSTRAINT files_dataset_id_fkey FOREIGN KEY (dataset_id) REFERENCES public.datasets(id);


--
-- Name: project_dataset project_dataset_dataset_id_fkey; Type: FK CONSTRAINT; Schema: public; Owner: devel_omicsdm_3tr_rw
--

ALTER TABLE ONLY public.project_dataset
    ADD CONSTRAINT project_dataset_dataset_id_fkey FOREIGN KEY (dataset_id) REFERENCES public.datasets(id);


--
-- Name: project_dataset project_dataset_project_id_fkey; Type: FK CONSTRAINT; Schema: public; Owner: devel_omicsdm_3tr_rw
--

ALTER TABLE ONLY public.project_dataset
    ADD CONSTRAINT project_dataset_project_id_fkey FOREIGN KEY (project_id) REFERENCES public.projects(id);


--
-- PostgreSQL database dump complete
--
